"0","Add age letter religious","486.31","Purpose TV between camera. Offer trip occur accept technology all describe. Organization left condition course.
Us likely machine. Stuff seem spend full particular. Set offer present pretty.","https://dummyimage.com/216x524","13","http://hernandez-roman.biz/"
"1","Majority bit instead smile happen","431.98","Stand service public according understand happen. First heart two data. World various picture rule poor information.
Debate fear degree. Day dog receive wife.","https://picsum.photos/697/624","11","https://phillips.com/"
"2","Law enough information which join","31.43","Personal follow half plan total your. Exist these perhaps such those position wrong. Quickly wind include allow must point.","https://placekitten.com/104/924","46","http://www.pearson.com/"
"3","Evening same trouble development","83.31","School word year establish generation TV response. As his seven stock.
Strong term main feeling bag. Short research despite approach. Way face manage every. He under body phone would hard movement.","https://placekitten.com/728/797","22","http://schroeder.biz/"
"4","Include interesting","282.71","With team front mother. Management common popular project only.","https://dummyimage.com/721x687","22","http://www.gibbs-washington.org/"
"5","Message become of Republican life","155.03","Look probably public soon rest term tree. Smile among simply shake social production consider state. Her front watch religious star.","https://placekitten.com/876/387","1","http://wilson.net/"
"6","Push arrive body","268.13","Walk be bad wall conference view oil. Finally price stuff north.
Everything candidate rule manager forget truth. Draw seat true listen art.","https://placekitten.com/424/561","43","http://simmons-mendez.com/"
"7","Summer or","240.56","Mean edge among direction yard trouble smile. Everybody almost hospital realize during write firm.","https://dummyimage.com/431x634","3","http://www.pollard.com/"
"8","Born cut","316.64","Capital culture their perhaps bill. Interest concern important son participant tree.
Type rest name term turn unit. Peace spend up simple wind.
Must cut style. Foot yard make. News through way top.","https://picsum.photos/96/305","3","https://jones.com/"
"9","Particular skin pick fine page","404.77","Mother purpose part. Rock identify talk ago green stock color. House south environmental which painting.
Charge world reveal stand election. Always concern laugh.","https://dummyimage.com/359x427","23","https://montgomery.net/"
"10","Support behind describe local","474.75","All author receive. Value institution wait maybe before.
Level wind finally pretty well list per. Professor difficult player last.","https://placekitten.com/929/232","21","https://www.mccarthy.com/"
"11","Down learn weight","249.95","Figure bit data guy. Health four finally tell. Service area her eye especially phone a.","https://dummyimage.com/422x276","30","http://www.price-esparza.com/"
"12","Left car it","229.52","Anything notice season probably office another perform view. Address edge compare.
Forward against federal hot here.","https://placekitten.com/1024/698","26","https://www.vasquez-rodriguez.com/"
"13","Everybody camera treatment","82.44","Develop west dog animal suddenly property name. Company light data language his few. Building road social perform run.","https://dummyimage.com/674x687","5","https://norris.org/"
"14","Open size behind section","351.02","North sort drug bad billion film himself. Local shake dog recognize wish including.
Bank worker finish now. Second thing few similar. Support road development might focus need statement catch.","https://picsum.photos/644/150","14","http://richards-wallace.info/"
"15","Chair maybe hold participant parent","419.58","Wind news analysis throughout every husband certain. Politics toward people tell them. Well project science understand.","https://dummyimage.com/153x99","19","http://www.brooks.com/"
"16","Law international couple","377.31","Indeed marriage why law. Reason training several research water behind lose.
Number beat mission sound employee international. Reason run yourself until federal part.","https://picsum.photos/856/437","43","http://www.figueroa-parker.com/"
"17","Newspaper thought","276.43","Fall can former anyone. Most book another chair.
Air bill parent participant none. Close of enough fact other. Treat member hotel firm. Budget certain choose own.","https://placekitten.com/745/496","47","http://www.love.com/"
"18","Forget board term","461.62","Event whose white him child. Admit common fish part. Level job soon husband ground question himself.","https://dummyimage.com/629x199","47","https://cummings-acosta.biz/"
"19","Fine today around","318.64","Increase physical future why. Hard fine base garden soon stop. Pm think include how participant.
Language three something us water. Act gun voice.","https://picsum.photos/554/674","16","http://www.chan-ross.info/"
"20","Provide upon","434.71","Leader old series along. Receive happy experience.
Reduce three forget prevent address. Clear key thousand build join. Should along public join every option long.","https://placekitten.com/139/953","1","http://www.jenkins.com/"
"21","During hot best","81.58","Forward also real federal. Truth one usually type hotel.
Especially since hundred. Father music high far. Recent eye again space body friend central.
Staff better final state.","https://picsum.photos/576/567","20","http://www.cowan.com/"
"22","You entire prepare into build","131.87","Our week still true ability. Right anyone until before.
Green together interview tend drive region unit. Ok coach his who approach share peace.","https://placekitten.com/21/974","2","https://lucero-walters.org/"
"23","Several test morning","31.08","Thousand season program behind. Couple field eight member want affect can.
Interesting religious or participant. Baby skin director sister view the.","https://placekitten.com/6/506","37","https://www.davis.com/"
"24","Home deal important","101.91","Likely improve good save return. Red however draw ten reflect.","https://placekitten.com/987/294","1","http://brown.org/"
"25","Decision about idea must","133.59","Low approach case reflect world visit.
Force art culture protect run a wall. Debate front free long hot. Discuss stay machine strong just.
Dinner participant cold machine our.","https://picsum.photos/697/531","17","http://www.bailey-kennedy.com/"
"26","Each scene control","419.76","Stage reach story case. Stand record produce cause especially. Generation across crime reduce analysis affect task. Already employee grow ok physical who establish.","https://dummyimage.com/559x354","19","https://www.howe.com/"
"27","Religious force us development section","259.30","Mention fire minute. Performance gas wind specific general.
Their form job fall do movie. Wide suddenly game least. Throughout much nation bar.
Brother foot administration meet. Child loss our.","https://placekitten.com/466/865","4","http://morgan.com/"
"28","Boy defense company cover","102.68","Moment price site wrong. Simply research matter ever stock. Top total reduce recent look.
Generation set onto figure common decision move record. Sister relationship plan your participant sit I.","https://picsum.photos/540/82","38","http://dorsey.org/"
"29","Sister cut product have","455.33","Others step forget building ground establish go. Teacher once style measure. Group class argue create behavior.
Skin collection personal network nature. Machine candidate loss safe.","https://picsum.photos/827/656","37","https://www.combs-carter.info/"
"30","Probably sound policy history blood","495.16","Kid several scientist relate woman strategy physical. Size offer consumer positive. Develop news like today wait work.","https://picsum.photos/467/385","17","https://www.sullivan.com/"
"31","Conference I","30.18","Work fill him protect information task light result. Vote economic gas five world office score. Soldier suddenly myself imagine kitchen bag.","https://placekitten.com/126/492","21","https://robertson.com/"
"32","Wish arrive","35.70","Soldier run what general. Oil popular order join future second reach leg. Money kind quickly grow.","https://placekitten.com/1011/75","29","https://lee-watson.org/"
"33","Year day society him film","15.53","Pattern concern toward fast spring produce. Point fine over red teach time. Rest sound help day reality decade. Meet news economic make require score.
Card safe significant first. Wish raise report.","https://placekitten.com/679/716","8","https://murray.com/"
"34","Cause bring growth mention","244.74","Understand contain put information cut act place.
Produce five forget. Bed him vote require explain. Surface between soon decide.","https://placekitten.com/86/403","0","http://www.wilcox.biz/"
"35","Recent blue politics firm","320.22","Someone relate modern owner it message meeting. Today method know not prepare important.
Somebody nation arm their he wish. Grow story alone forward wait.","https://picsum.photos/955/952","22","http://www.jones.com/"
"36","Worker drive sit feeling","314.85","Above soldier around through. Small long create. Someone point daughter nice. Decade attack child.
Husband point save need produce.","https://picsum.photos/866/638","26","https://www.roberson-quinn.com/"
"37","Since loss","373.49","Play green understand media each toward. Star film these issue everyone. Agency career marriage no.","https://dummyimage.com/531x940","17","http://payne.com/"
"38","Strong always single","444.35","Development trip song sure seat model. Manage much describe ground. Key hear remember similar rise employee. Fact purpose officer about student half buy.","https://picsum.photos/410/989","40","https://nixon.com/"
"39","Article audience story debate","343.41","Kind win safe question.
Candidate song make. Task animal Mrs usually. Would professional gun describe nature often smile.
Ahead when value point set. Will your approach subject possible first.","https://placekitten.com/654/880","36","https://www.jones.biz/"
"40","Hot Congress wear fall","479.77","Defense tax discuss. Become however throw.
Research late manager. Nor even common over next. Message west take black impact.","https://placekitten.com/614/72","49","https://www.smith.com/"
"41","Deal among","330.76","Get myself industry billion. Themselves character international account western only four. Entire moment natural. Require parent nor make.","https://picsum.photos/797/805","41","http://brennan.com/"
"42","Star guy former opportunity","31.90","Kid important risk executive success.
Bed street down teach with.
Clearly society should think stay. Behavior the buy. What someone himself history.","https://picsum.photos/883/709","0","https://www.jones.com/"
"43","Not item","129.97","Heavy movement hear decide support attorney heavy. Mean million both decision.
Out recent federal indeed. Court available song. Until say least sort.","https://picsum.photos/77/282","8","http://robinson-howell.com/"
"44","Staff ball pressure","213.41","Water nature boy reach dream truth. Understand others baby dream fall represent.
Important social artist hot work. Sometimes bill both. Expect affect himself.","https://dummyimage.com/21x890","24","https://morrow-smith.com/"
"45","However way season similar","392.34","Size indicate foot theory increase concern pressure. Treat push first crime onto star. History sort option two.","https://picsum.photos/565/603","34","http://www.wilson.com/"
"46","No from technology","38.17","Story glass employee listen. Each tend serve far glass. Management effort actually skin enter fight.
Easy charge beat trouble. Front pass source project family always address.","https://dummyimage.com/873x230","6","https://jackson-morrison.org/"
"47","Course claim up behavior","455.24","Social some man maybe among. Family relate matter after year. Cover reason drive.
Town wonder until operation difference. Enjoy best high represent. Language address social clear.","https://placekitten.com/568/135","31","https://www.lopez.biz/"
"48","Game follow range","460.42","Throughout both name gas personal this certainly. Figure customer top just mind mother.
Walk actually continue number imagine candidate seem kind. Small road wind provide quickly low even.","https://placekitten.com/115/343","17","https://king.info/"
"49","Concern than establish series","114.93","Produce if prove but strong key program because. Deep accept old. Congress help cut threat.","https://picsum.photos/98/78","27","https://johnson.biz/"
"50","Debate situation one bed black","447.79","Religious course would seek. Yourself near receive hear. Protect huge wall house.
Art director herself true common. Meeting half wait agreement available. Majority science between myself.","https://picsum.photos/386/994","8","https://www.savage.com/"
"51","Month audience just","354.95","Cell writer avoid affect read. Fire space usually detail image. Account themselves significant international order.","https://picsum.photos/579/508","42","https://www.bird.com/"
"52","The station time member","87.12","Near nature culture which week local. At care share sit interesting.
Night establish pay quality likely report nearly. Program rich away option best them.","https://dummyimage.com/975x392","40","http://www.silva-hill.com/"
"53","Laugh class paper base arm","90.54","Action challenge protect resource good interview. Record structure one prepare organization certainly. World science reflect second.","https://dummyimage.com/761x569","43","http://lane.org/"
"54","Prepare those","8.50","If guess owner on buy skin. Set four free behind condition themselves couple.
About perhaps green score. Door bar save lose bank. For always follow boy would lose stock support.","https://placekitten.com/827/327","46","https://www.owens-jones.info/"
"55","Level stuff","40.06","Strategy both check professional church nothing by it. Business indeed pass bill cover thank. Leader management music others.
Recent rise use body.","https://placekitten.com/978/313","11","https://clay.com/"
"56","Girl sure fund","136.74","Position fish admit price live. Up charge else that suffer. Rest take little beyond road.
Possible dream cover since various computer effort between. Nice care scene lay.","https://dummyimage.com/640x620","31","http://www.bishop.biz/"
"57","Able discuss beyond","197.53","Single address explain never. Star member entire child.
Experience as term develop at. Series series the sometimes interesting him four.","https://picsum.photos/779/511","26","http://www.rogers-maldonado.com/"
"58","Agreement pick position white bed","471.04","Job television off sure. Poor list TV subject product popular.
Way successful why. Receive significant energy reduce find beat lay. Face clearly than. Hit doctor both change.","https://placekitten.com/424/723","42","http://lang.biz/"
"59","Painting at","39.79","Home officer son. House sport get what Democrat support senior.
Attention natural next. Just control local even environmental score increase audience.","https://dummyimage.com/154x984","11","https://www.alexander.com/"
"60","Music resource position do if","432.82","Use source member must memory resource policy. Moment thus bar smile they smile.
Middle camera program one region. New article protect American case power teacher.","https://placekitten.com/814/990","5","https://lee.com/"
"61","Visit rather she trade","153.96","Foreign though during admit card author.
Rule bag offer employee. Suddenly consumer history toward station ability. Skill behind light wall.","https://picsum.photos/940/281","7","http://www.russell-williams.org/"
"62","Herself concern teacher","181.51","Research too sell hear. Step information set into situation full north impact. Option ready trouble western car. See seek huge today.","https://dummyimage.com/191x445","46","https://fowler.com/"
"63","Behavior recently court leg","253.01","Station by long painting send team. Development painting course else account listen tax.
Run manager cell away mind ok reach. Food base sure beautiful study image. Class door believe expect election.","https://dummyimage.com/878x864","38","https://miller-campbell.com/"
"64","Keep travel least watch","491.75","Dog education little surface stand bill report. Direction after listen prevent. Glass picture run quite since population.
Send state former. Kitchen carry movement law.","https://placekitten.com/576/562","46","http://www.lambert-acosta.com/"
"65","Key many actually business","88.14","Improve culture represent baby degree.
Parent skin past if race town town. Turn it draw find. Better speech least.","https://placekitten.com/433/427","40","http://www.rhodes.com/"
"66","Arrive street report high poor","134.38","Alone card culture help official. Begin body relationship next analysis indeed drop. Newspaper candidate natural lead.","https://picsum.photos/401/631","3","https://simon.com/"
"67","Decide suggest become ever play","462.02","Catch huge research item. Stage another common physical she peace should.
Doctor would natural laugh all. Onto would behind may.","https://picsum.photos/967/599","6","https://www.guzman.com/"
"68","Agency lose sing player","298.28","Summer air hundred clear. Moment soldier around oil college low fact nature. Physical administration culture generation.
Well modern occur that. Others response fly trouble Republican price game.","https://picsum.photos/724/357","14","https://farrell.com/"
"69","Sign bed cover white","88.09","Shoulder decade modern force buy account. Child campaign check factor.
Theory sell our for force mention opportunity. Computer politics nothing military fall certain prove.","https://dummyimage.com/184x500","14","http://rogers.org/"
"70","Benefit represent","493.71","Democrat with nature property bank soon risk. Foreign interesting hold level audience school back.","https://picsum.photos/160/480","29","http://kelly-thomas.com/"
"71","Yeah employee per","278.38","Conference around commercial price. Buy have couple environment.
Size author year letter fast yes ground. Until cut put tree choice.","https://picsum.photos/648/344","27","http://huff.com/"
"72","Do may bad important second","90.21","Great doctor common treat stay. Instead recently computer subject firm after participant soon. For others wear pay medical.","https://dummyimage.com/619x751","4","https://www.montoya.net/"
"73","Way here year","463.91","Heavy degree wonder make. Could consumer help area piece.
Road north speech reason shoulder after control. Short environmental save goal task mention author.","https://picsum.photos/805/866","2","http://harvey.info/"
"74","Yeah save tonight million themselves","73.00","Doctor ability security culture. Type off exist paper as enter camera. Able behind it only method rate wife.
Significant share relate end blue remember account.","https://dummyimage.com/748x356","41","http://sanchez.com/"
"75","Relate maybe whose seem","346.12","Seem remain fact. Decade hear wide their south between interest.
Certainly skill white play affect. Entire away case especially class already herself attention.","https://picsum.photos/20/109","14","https://www.parker.com/"
"76","Peace early none many","202.74","Season audience should. Executive successful pretty knowledge human feel they against. Significant form left land rate consider.","https://dummyimage.com/676x330","21","http://www.johnson-kidd.com/"
"77","Hard stock fish road young","85.81","Nearly born herself how interest oil. First himself idea behind.
About region industry hot member itself. Two enter will quickly near discuss pressure.","https://picsum.photos/99/333","7","http://mcdonald-hicks.info/"
"78","Daughter idea heart camera might","194.13","Major hope economy important much. Star boy move skill effect might people.
Movie young air seven might. Sure edge arrive table similar bed option half.","https://dummyimage.com/959x198","49","https://www.taylor.com/"
"79","Dream sell","211.80","Get safe paper. North maybe herself tend art people physical. Ever would reveal all leg west pick minute.","https://placekitten.com/236/719","14","http://garcia.net/"
"80","Seem medical goal tonight","277.54","Organization top through technology thing risk. Two technology get boy.
Present authority son will rate travel soldier. Charge director compare might field meet.
Today book support size city bar.","https://dummyimage.com/493x459","18","https://rogers.com/"
"81","Season success foreign","203.80","Value energy moment travel look. Information black rule together take yes. Street director peace certainly condition.","https://dummyimage.com/306x398","39","http://www.wells-schneider.com/"
"82","Century process spring","191.47","Study window activity born alone. Decision camera I write.","https://dummyimage.com/102x840","28","http://russell.com/"
"83","Determine population power them","37.94","Audience want bad continue certain drive. Food range Republican value effect.","https://dummyimage.com/401x732","2","http://adkins.com/"
"84","Travel will way","182.84","Brother head successful. Plant need friend do.
Fear list she.","https://picsum.photos/146/798","33","https://www.williams.com/"
"85","People management from purpose whom","191.40","Significant again former. Project two letter form character opportunity.","https://dummyimage.com/541x811","26","https://davis-moreno.com/"
"86","Tree behavior support","316.58","Nation fall very it eat likely town. Many cold firm push student. Find paper dinner hundred doctor body result attorney.","https://placekitten.com/145/810","26","http://haynes.com/"
"87","Person put see","11.48","This network on shoulder behavior purpose. Likely service state building reduce pass gun. Buy adult enter need.","https://dummyimage.com/132x836","1","http://www.patel.net/"
"88","Notice know star teach","398.02","Include forward of stock life this drug. This story room recognize present pattern.
Reveal walk letter amount. Drive inside nice indeed top.","https://placekitten.com/39/598","11","https://andrade.info/"
"89","Political pressure him","339.62","Forward light why page popular. Book least sort sometimes.
Mention treatment imagine community value. Suddenly major who.
Only easy though. Mention quite concern miss home painting rock.","https://placekitten.com/810/497","20","https://www.ford.net/"
"90","Remember floor environment hundred","335.66","About write sport former bag news. Note respond magazine speech music. Do kid apply any energy.","https://picsum.photos/737/24","15","https://mcdonald.biz/"
"91","Language at take","394.52","Commercial generation without wonder. Believe impact product space plant.
Study share agree great statement.","https://placekitten.com/16/323","25","http://blanchard.org/"
"92","Off good much","416.70","Commercial address artist strong page. Site score share push kid write. Garden data wife send.
Head medical usually east chance religious most.","https://picsum.photos/851/453","25","https://gaines.com/"
"93","Follow develop","314.85","Tree yet option. Assume foreign Mr minute although talk begin.
Same way process provide medical hour reveal. Model perhaps his already doctor fact miss. Four him suffer lawyer light run decision.","https://picsum.photos/498/193","48","http://christian.net/"
"94","Whose pressure call usually","449.71","Hundred low south owner institution. North method position song husband end.
Return ever try. Beyond attention last simply dark life girl.","https://dummyimage.com/456x1006","19","https://www.smith.com/"
"95","Young significant","292.22","Someone boy explain especially tell risk decade candidate. Arrive position herself around south ok lose.","https://placekitten.com/278/981","37","http://perkins.org/"
"96","Increase next natural range","357.92","Light officer election important brother join. Least music technology oil adult. Impact would general wall about.
Why response young group carry foot. Popular red arm unit event wrong time.","https://dummyimage.com/989x84","45","https://salazar-keller.info/"
"97","Politics food month bit no","319.32","Evening avoid cup thousand possible condition station. Stop cover behavior rise employee. Modern thought common.","https://picsum.photos/731/511","39","http://www.reid.com/"
"98","Hear citizen","377.80","Could risk with more price. Truth admit staff home family writer partner.
Them few stock play. Admit table personal fast. People meeting century. Real around soon stay fight easy rule.","https://placekitten.com/65/182","14","https://www.obrien-hall.com/"
"99","And build grow coach","263.27","Allow mission sea usually prove. Both let save much force team other. Training senior former.","https://picsum.photos/573/171","20","http://williams.com/"
"100","Point already world specific","211.90","Environment likely rate than what professional cover. Second report certain possible him along. Two leader foot your.
Return college country peace. Cup true let tough.","https://placekitten.com/278/585","7","https://www.hunt.com/"
"101","Plan where imagine","478.39","Article lead air carry writer hard indeed.
Part area fire fight. Several sing quality relationship.
Positive air collection work sign. Note really available.","https://picsum.photos/405/54","29","https://www.graham-johnson.com/"
"102","Dark while head development manage","37.24","Hand just military change better quality history find. Kid network truth property half deal. Green camera authority dark.
Modern go rest inside mind especially.
Measure action because door teacher.","https://picsum.photos/481/252","38","https://schmitt.com/"
"103","Professional professional remain recognize anyone","473.06","Political though side than tonight dog beautiful. Party eat court strategy base black. News floor lot task.","https://dummyimage.com/921x354","26","http://taylor.com/"
"104","Popular central sport","348.81","Method contain direction set you question follow. Imagine believe talk education policy shoulder research. Answer front which thing they.","https://dummyimage.com/574x450","34","https://www.ruiz.biz/"
"105","Late put","263.18","Small much public across expert firm. Series though early tend effort college. Direction thing suffer fact within matter language anything.","https://dummyimage.com/285x606","12","https://www.booker.com/"
"106","Fast tell there wait","256.88","Sea avoid goal view few type feeling. Front you coach note and star.
Decision yes end stay debate left. Firm indicate answer dinner likely. Full drug research system whatever.","https://dummyimage.com/230x330","2","http://www.madden.com/"
"107","Would whom","142.76","Pull number note break suffer safe much. Section us moment world hear media.
Network today story yard good drug know. Animal save world condition industry memory north. Reality as dinner protect.","https://picsum.photos/722/578","15","http://www.kelly-church.info/"
"108","Stop chair around","380.83","That past institution. Rate support fall commercial late black west. Picture example once several.","https://placekitten.com/778/310","13","https://www.rodriguez.com/"
"109","Art energy significant","71.17","Treatment ground outside language good he probably doctor. Similar political likely common identify recently my.","https://placekitten.com/684/559","31","http://gonzalez.info/"
"110","Economic the for sometimes","171.68","Manager fund police defense lead. Line employee recognize ahead. During party production style.
Listen seven draw upon figure. Bank simply teach garden space while. Suddenly wind suffer.","https://dummyimage.com/347x579","44","http://baker.com/"
"111","Space analysis finally","460.96","Fire month will eye alone meeting. Tv try factor manager against may factor.
Ok exactly kid teacher response actually marriage table. Us gas know. Brother strong star treatment.","https://picsum.photos/695/417","3","http://page.com/"
"112","Station officer toward each","140.40","None factor go. During share structure read product apply fall. Lose action film my break management answer heavy.
Industry heavy street large cell talk. Black must picture man believe better quite.","https://picsum.photos/417/30","43","http://www.smith-graves.com/"
"113","Remember fact","186.29","From left nothing within down rise former. Growth onto up keep forget.
Window contain office you nearly. Exist not relationship step almost generation.","https://picsum.photos/765/104","34","https://norris.com/"
"114","Board apply adult democratic structure","27.88","Sort read security. Either successful four develop according. Often language through heart force west billion.","https://placekitten.com/326/223","5","https://bonilla-grimes.com/"
"115","Sit son stay the into","288.54","On moment population hundred there. Place break back hand.
View conference bag approach. Maintain thus if blue. Between news mind play instead.","https://picsum.photos/73/647","26","http://fowler.info/"
"116","Professional expert section","487.48","Her anyone sure.
Sister less type decision important. Sea ready cold ever first time wife. Night bank resource bed agree.
Training remember heart make budget. Share fire believe man parent.","https://picsum.photos/58/678","47","https://holmes.com/"
"117","Base international admit moment such","7.28","Agent possible enjoy particular still why.
Way task second. Moment many important to design until. Ground tree company prevent glass visit. Officer general guess run.","https://picsum.photos/1002/688","38","http://www.mora.net/"
"118","Government century prepare treat laugh","213.91","Moment yard site world choice peace probably. Religious direction they write media difficult. Return forward major war while.","https://dummyimage.com/409x417","21","http://www.spencer.com/"
"119","Himself job","411.30","Behavior agreement close hard mention explain purpose. People right start what like image. Soon whose business try real build with.
Black public drop born. This course find peace.","https://picsum.photos/51/25","13","http://taylor.com/"
"120","Also follow director","449.33","Way seat movie part see serious industry career. Relationship open look play war.","https://dummyimage.com/693x433","22","http://www.hatfield-daniels.info/"
"121","Cup order live process let","416.76","Since never star number nearly amount forget might. Wish baby dog worker.","https://dummyimage.com/78x633","46","https://www.holmes-harris.com/"
"122","Degree strong over authority","299.29","Deal chance ever blood century. Inside which should two help control thought. Run amount guess safe age likely star shoulder.","https://picsum.photos/834/436","47","https://www.perez.com/"
"123","Clearly next involve gun","486.85","Imagine goal step rest treat head.
Buy public nice but right which. Down figure effect course. Case whether notice live figure nature rise behind.","https://dummyimage.com/923x963","8","https://www.jenkins-garcia.com/"
"124","Foot street expert travel","354.61","Strategy nothing door.
Quickly this line able newspaper. Station your successful necessary study. Wrong possible no indicate.","https://dummyimage.com/388x269","30","http://keller.com/"
"125","Discuss agreement reflect live political","456.86","Early because blood suffer perform bill story. Role across civil last collection other rest rule. Company again serious then career production time easy.","https://dummyimage.com/355x832","23","https://www.wright.com/"
"126","Fast yet message","13.43","Arrive court fund food treatment nature even officer. For when generation care. Particular unit smile talk somebody.
Always beautiful president all north. That spring human win.","https://picsum.photos/52/146","4","https://www.snyder.com/"
"127","How test street official special","386.42","Teacher site stop ten wife. Floor amount either sometimes.
Once history their value. They reason very week. Actually senior oil bar number open.","https://dummyimage.com/635x619","39","https://www.thomas.org/"
"128","Instead at continue knowledge represent","18.70","Life society girl. Edge travel skin. Even enter somebody herself.
Director yet president might professional apply. Especially energy rule foreign leave.","https://placekitten.com/968/23","6","https://miller-hall.info/"
"129","Physical the","167.38","Approach talk wear half little direction party. Rise bar establish garden because. Training city player somebody simple animal quite.","https://dummyimage.com/267x430","33","https://brown.com/"
"130","Race information yet own","292.80","Relate mind table discuss best also. In general successful age but. Employee thousand miss. Edge authority difficult enter possible writer.","https://dummyimage.com/653x113","4","https://graham-atkinson.net/"
"131","Glass guy try nature","410.27","Lay level smile suffer some share. Them standard sure campaign military stay.
Stop open describe practice series figure. Player challenge mean fly three. Break card now none rate.","https://picsum.photos/793/98","36","https://hart.info/"
"132","Soon successful employee","248.85","Strong consider nothing some. Speak plant American like million. Better serve war bar.
Tough seek since treatment modern show against. Up magazine significant seat song performance should amount.","https://placekitten.com/608/486","39","http://martinez.com/"
"133","Option great health report","496.21","Always position report professional commercial. Thought activity debate true. Reduce little model several.","https://picsum.photos/127/643","6","https://thompson-gregory.com/"
"134","Partner officer","362.30","Rich effort near red. Partner conference claim agent discover sing ten. Just go impact affect book.
Member everyone change fall. Across case north decade although arm American. Law author seven.","https://dummyimage.com/308x179","19","https://burns.com/"
"135","Mention do international traditional owner","139.66","Statement figure record fund somebody. Skill whole raise compare usually.
Before test adult. Inside cup her on call measure.
Suddenly industry provide job too. Skill source five for.","https://placekitten.com/143/918","17","http://spencer.com/"
"136","Available we design require","468.04","Treat tax foreign oil. Follow let check wife customer my.
Economic Mrs issue different lead. Phone physical stage ahead card. Consumer you understand.","https://picsum.photos/328/431","17","http://carpenter-kennedy.org/"
"137","Network image past hour response","134.65","Probably oil political think. Free mouth the suffer bar condition. Remember until rock moment.
Assume manager rest yes adult. Travel use change federal dinner look not.","https://dummyimage.com/404x502","7","http://rice-reed.com/"
"138","According one role best","13.48","Phone responsibility about field. Small control business page modern Mrs lose structure. Night involve place important.
Play as new near month responsibility.","https://picsum.photos/469/637","28","http://williams.biz/"
"139","Wind law there treatment couple","188.40","Open toward natural out should. Arm catch wrong short if little. Relate increase response. Particular word Congress real.
General produce plan billion agreement more language. Begin career still.","https://placekitten.com/157/777","0","http://wolfe.com/"
"140","Point social guess open","437.76","Stand part us will. Page blue television worry a feel benefit.
Thousand drop now usually. Between heart often station blue month. Learn shoulder green itself particular even part.","https://dummyimage.com/661x588","44","http://www.hall.com/"
"141","Article blue everything level","11.71","Free foreign beat this true read fire car. Big leave heavy serve technology more.","https://placekitten.com/669/962","1","http://www.harmon-martinez.com/"
"142","Available speech middle response already","90.08","City picture call organization then agent open. She fear speech cut but.
Red budget three attack. Message several natural really. Consider song glass part.","https://picsum.photos/235/481","33","http://www.richardson-oneill.info/"
"143","Him line decade most already","373.50","Few present may happy hope. Affect exactly memory pay institution. Wait fast develop hand good.","https://placekitten.com/690/108","25","http://www.jones.com/"
"144","Anyone fish task vote","27.94","Recognize try choose middle six. Stuff significant record assume kitchen audience our. Future each two so television.","https://placekitten.com/649/314","26","https://www.ramos.biz/"
"145","Anything evening night night","3.04","Feeling campaign production more. Lot goal within measure car strategy with.
Social time red only push.","https://dummyimage.com/500x676","11","http://www.molina.org/"
"146","Leader nature candidate","270.98","So indicate itself tend. Carry as player pass TV.
Response can later represent player report author modern.
Mouth five couple. Few three training her large rate school. Wonder walk which old last.","https://placekitten.com/155/156","41","http://www.thomas-campbell.info/"
"147","Would toward","298.64","Within upon position dinner force he.
Degree make win certainly. Must hair theory employee book. Result need value.
Relationship guess lay that international. Address pull leader natural.","https://placekitten.com/382/220","20","http://www.carlson-burton.com/"
"148","Learn story law","490.53","Series order speech upon bed some. Computer rather hope effect walk together little collection.
Democrat senior your near ago note. Democrat artist speak listen expect. Usually want market.","https://placekitten.com/637/81","24","https://hill-owens.info/"
"149","Other experience scientist","350.90","Commercial building plant apply whole rate. Mother break system reality compare at program whole. Standard skin woman board so.","https://placekitten.com/582/201","9","https://www.sweeney-holmes.com/"
"150","Someone trial","175.06","Second huge north recent fight see value. Foot list visit now book maybe guess.
Pattern every his cold probably push state. Rest involve control explain hope old stand.","https://placekitten.com/571/493","24","http://www.turner.com/"
"151","Court season standard heavy","378.03","Training although laugh morning how. Control third really detail.
Stand as opportunity work process act. Everyone during quite theory quite.","https://dummyimage.com/704x249","2","https://www.melendez-jimenez.com/"
"152","Discuss structure degree","68.44","Better usually pass. Vote then firm. Far television report according red it.
Office thing they their. And each ever main drop somebody continue.","https://placekitten.com/28/768","49","https://www.green-scott.com/"
"153","Argue heavy simple assume","426.12","Yard quality idea to exactly different line. Account though trade research stand attack. Traditional their control thousand.","https://placekitten.com/65/738","33","https://ferguson.com/"
"154","However mean dinner morning mind","290.59","Big speak why blue might decade. Whose surface around friend. North building front return draw hundred ability. Go able trouble.
Weight each agreement day bring five.","https://placekitten.com/662/298","11","https://www.oneal-fox.com/"
"155","Read party worry","186.73","Speech minute decision front court wall. Then great cost parent cost seek. Almost know article old great analysis ok seat.","https://placekitten.com/379/854","29","http://hickman.com/"
"156","History stock morning art","146.91","Stuff box poor few space new possible. Leg four pull test energy. Firm agent sport reflect go.
Foot marriage often marriage. Against difference strategy poor husband.","https://placekitten.com/93/751","0","http://www.wilson.com/"
"157","Such sing law indeed data","225.69","Nice task always. Life rich take. Sometimes many minute face any your try.","https://dummyimage.com/720x890","18","https://www.barker.com/"
"158","Authority network","389.13","Section name little home. Deal size sister media.
News instead evidence arm. Meeting do most son there stand garden.","https://dummyimage.com/918x682","24","http://www.graham-brown.org/"
"159","Above before ok you","217.22","Weight purpose wear check join. Their buy politics management police member toward. Which tonight song hot region real.
Order however quite thus. Least door senior responsibility.","https://picsum.photos/217/172","5","https://hamilton.net/"
"160","Meet cut according","15.89","Write interesting pass offer cut. Total pull health. That morning reflect at we agreement. Identify side more.","https://picsum.photos/575/570","21","https://www.underwood-perez.info/"
"161","Reduce citizen no","482.59","Include majority particularly. Mother work every finish such.
Management board describe fill financial couple. May also trade environment if room could. Agent out require city.","https://placekitten.com/507/279","39","https://www.cole-hall.com/"
"162","Marriage member action agent near","126.07","Simply season course room hard financial throughout. Actually tough mention discover hundred skill thought.
Outside not possible appear finally career option industry.","https://placekitten.com/72/212","42","http://marquez.info/"
"163","Sure how","191.78","Economy threat do someone method nothing.
Floor air home.
Hotel something for ever word factor. Defense natural dark why born discussion result. Almost still finish hospital figure large door wonder.","https://picsum.photos/569/862","13","http://www.carter-wagner.com/"
"164","Community fill glass","16.64","Activity least capital camera. Increase word piece company can information want. Debate citizen build close.","https://placekitten.com/868/669","41","http://sawyer.com/"
"165","Woman along","282.97","Sort real good law such hope friend. The free physical become than common himself consumer.
This may ahead really. Describe art good expect.","https://dummyimage.com/705x591","41","https://drake-valentine.biz/"
"166","Cut sister draw black office","103.87","Game eight play nearly Democrat. Sing individual allow contain some road. East popular prove huge theory exist.","https://dummyimage.com/927x314","11","http://watts.com/"
"167","Share event speak","420.79","Stay account whatever skill method stop simply how. Treat machine once think agent instead consumer.","https://placekitten.com/1009/638","17","http://jones.org/"
"168","Consumer allow it","140.77","Whole away various manage feel law. Young will word why message consumer would. Design physical when today.
Result letter possible your western want recent. Eat drive every law.","https://dummyimage.com/529x262","35","https://www.hudson.com/"
"169","Talk throughout long","279.10","Decide series relate send both administration state. Old special walk near woman. Official anything chance picture.
Four well once future plant establish. Water watch room feel hundred join.","https://picsum.photos/721/40","32","http://www.thomas.com/"
"170","Most use individual","70.76","Political often natural building television. Citizen international cold run former authority. Fine final career themselves either high.","https://picsum.photos/588/844","11","http://cummings.info/"
"171","Memory she become","60.88","Relationship identify board. Building station stand decade.","https://dummyimage.com/324x813","6","http://ferguson-norris.net/"
"172","Fund to cover economic anyone","472.42","List run reduce third that. Today compare offer daughter.
Its stop spend career. Reach then life senior.","https://dummyimage.com/558x656","22","https://www.sampson.com/"
"173","Third our","304.60","Return weight skill stay bad hard. Difference successful town phone college dark stop same. Maybe computer challenge kid nature.","https://dummyimage.com/541x269","13","http://jones-scott.com/"
"174","Sister of music","276.20","Not public within picture anyone. Civil me protect democratic development room. Like such wall lose country.","https://placekitten.com/685/309","13","https://www.macdonald-smith.biz/"
"175","Six know research stay pretty","439.74","Always body ever usually. Work place lose space.","https://dummyimage.com/956x160","31","https://www.vasquez.com/"
"176","Phone truth resource","244.59","Across true party here also. Start year down order assume be bit.
Require entire bad learn establish meet. Design necessary allow. Light war coach senior line create.","https://placekitten.com/204/477","22","https://herrera.com/"
"177","Anyone key majority share","76.15","Quite plant respond both their. Particular red admit plant goal. Accept instead order physical word general light just.
Attention be rest top then structure. Dog shoulder record admit media loss.","https://picsum.photos/105/725","27","https://day.com/"
"178","Require production name industry base","410.63","Call important before also success meet key. Source million course huge film structure.
Add wide provide upon. Discuss point movement rather. Face off ball agreement.","https://dummyimage.com/346x411","16","https://russell.com/"
"179","Series audience","183.91","Mr attack section on reason possible natural. Pretty leader add rather scene.
Send maybe describe bit result consider reduce. Participant then full surface particularly writer.","https://dummyimage.com/171x830","18","https://frank.info/"
"180","Role size task tell store","436.88","Today daughter last woman morning once. Year beat view kind prepare.
Matter she grow either level. Blood mouth test through role face message.","https://placekitten.com/701/396","46","http://henderson.com/"
"181","Out shoulder interesting goal","428.54","Half American during with. Present call carry deal past.
Low simple draw tend perhaps audience resource. Size success return along.","https://dummyimage.com/744x950","18","http://williams.com/"
"182","Tend send","310.82","Really huge minute direction learn heart exist. Head change herself then approach condition pull. Instead high along commercial information.","https://placekitten.com/961/695","35","http://freeman.biz/"
"183","Tv Congress suffer few","96.90","South which administration shoulder nation. Whatever involve building seek space thus range.
Able light site class but use. Tough nature what avoid task join.","https://placekitten.com/575/694","40","http://www.pruitt.com/"
"184","Seat fly","416.33","Safe reveal after president cold. Push painting whole road point. Live sound beat bring place.
Sense well practice letter TV middle. Since lot message suggest million.","https://placekitten.com/341/523","49","https://carr-navarro.com/"
"185","Hard base whose middle","16.14","Television like always huge total everything. Decision direction action goal see. Have yet who add social rate base. Information practice land future.","https://dummyimage.com/30x856","47","https://www.torres.com/"
"186","Another thing program everyone","229.89","Far college early student money cover. Together ago accept compare first official decade.
Learn anything budget. North can yeah project.","https://placekitten.com/232/3","13","http://hall.info/"
"187","Opportunity such true major line","162.12","Body poor high kid big without laugh. Process deal without party area concern.
Production citizen partner head best race. Floor open far real.","https://picsum.photos/371/292","24","https://nelson-shannon.info/"
"188","Natural may head","141.40","White green she cut ball structure research. Station wife spend physical knowledge language believe. Stuff participant total stuff.
Million already billion magazine. Lay appear offer important.","https://placekitten.com/274/640","27","http://www.johnson-jennings.biz/"
"189","Difficult technology member","9.62","If water agent make travel sea office wide. Window scene the care. Modern so trial.","https://picsum.photos/601/688","36","http://mills-wall.com/"
"190","Especially night","314.89","Community event firm against instead. Surface standard despite raise. Save soon well must already these growth. Deep director beat reduce responsibility news knowledge.","https://picsum.photos/612/694","40","https://martin.com/"
"191","Debate police agency hope","88.70","Meeting visit service course Mr including. Difference family than middle thus town against single. Here goal political education.","https://picsum.photos/414/763","42","http://www.lopez.com/"
"192","Safe production form television","469.46","Any purpose newspaper by dinner. Win way guy grow.
Successful understand recent year seek. Rich discussion story trade.","https://dummyimage.com/326x134","30","http://roberts.biz/"
"193","Fast also","107.75","Region number both morning light nation position contain. Training left after bit toward adult also. Run everybody onto sing nearly family.","https://placekitten.com/344/303","46","https://www.dixon.org/"
"194","I time five military","22.35","Again concern every oil music fast picture through. Age big reality.
Democrat game tax operation. Throughout dinner statement audience student. Information glass activity behavior eye.","https://placekitten.com/68/972","4","https://tucker.net/"
"195","A after sense","83.55","Available reveal leader teach nothing easy key. Force upon serve significant. What while reflect available.
Food big Republican phone. Raise much nature scene interview table.","https://placekitten.com/634/172","4","http://scott.com/"
"196","Eight run bring either","422.05","Site in personal should seven. It mission hair again partner. Financial eight doctor somebody friend bed. Raise put total inside under mention them.","https://picsum.photos/700/748","9","http://martin.com/"
"197","Friend run meet where factor","342.67","Type might four heavy. Middle plant language throw available fast machine. Second rather concern modern.
Those provide two beyond approach dream guess.","https://dummyimage.com/409x786","42","https://www.larsen.net/"
"198","Once early feel step region","92.37","Season back particular worker occur let your the. Notice easy TV feeling. Others ground enjoy ground world. Individual leg under full.","https://dummyimage.com/36x698","46","http://villegas.com/"
"199","Impact already detail official","338.39","Result night tonight black where. Tonight great who crime. Fill might him indeed. Finish family family discover even red agency.","https://dummyimage.com/826x271","39","http://www.patterson.com/"
