"0","0","Hester, Chambers and Spencer","2024-03-25 20:56:20"
"1","1","Gilbert-Foster","2024-03-19 22:24:14"
"2","2","Romero-Thompson","2024-01-04 05:12:01"
"3","3","Mercado, Chavez and Lawson","2024-03-01 03:23:56"
"4","4","Peters-Perry","2024-03-07 19:45:54"
"5","5","Townsend Ltd","2024-03-18 18:08:24"
"6","6","Wright, Rodriguez and Grant","2024-01-31 06:56:05"
"7","7","Jones Group","2024-03-01 10:01:34"
"8","8","Carter, Martin and Simpson","2024-01-03 03:03:29"
"9","9","Morales PLC","2024-01-21 13:41:22"
"10","10","Mendoza, Knight and Collins","2024-02-14 01:44:28"
"11","11","Smith Inc","2024-01-08 18:53:42"
"12","12","Caldwell, Alvarado and Nelson","2024-02-06 01:52:37"
"13","13","Johnson-Bray","2024-01-01 23:19:04"
"14","14","Salas PLC","2024-01-01 16:57:32"
"15","15","Alvarado LLC","2024-02-23 04:29:12"
"16","16","Richardson PLC","2024-01-22 16:45:33"
"17","17","Hall-Beck","2024-01-10 23:25:59"
"18","18","Richards-Daniel","2024-01-02 05:57:07"
"19","19","Johnson, Brooks and Rose","2024-01-19 20:16:43"
"20","20","Love, Roberts and Richardson","2024-01-25 07:29:26"
"21","21","Valenzuela LLC","2024-03-29 16:52:47"
"22","22","Medina Group","2024-04-11 18:58:51"
"23","23","Rodriguez and Sons","2024-02-27 16:40:41"
"24","24","Chen, Ortiz and Brown","2024-03-24 13:29:11"
"25","25","Bell and Sons","2024-03-08 13:11:29"
"26","26","Tanner, Bell and Powell","2024-04-12 11:31:09"
"27","27","Greer Ltd","2024-02-11 01:47:36"
"28","28","Villegas-Sanchez","2024-02-20 14:05:03"
"29","29","Brown and Sons","2024-02-24 23:28:10"
"30","30","Whitehead-Oneill","2024-02-01 07:25:18"
"31","31","Valenzuela-Cole","2024-02-14 12:56:21"
"32","32","Cooper, Williams and Fernandez","2024-01-28 14:32:04"
"33","33","Peters-Harris","2024-01-29 20:41:17"
"34","34","Koch LLC","2024-03-20 16:48:35"
"35","35","Long, Huber and Brennan","2024-02-26 15:17:34"
"36","36","Stewart-Frederick","2024-02-15 15:33:49"
"37","37","Sullivan Group","2024-02-03 19:50:49"
"38","38","Bush Group","2024-02-15 23:55:32"
"39","39","Washington, Parker and Roy","2024-01-15 09:07:01"
"40","40","Cooper-Guerrero","2024-01-16 05:32:40"
"41","41","Garrett PLC","2024-03-07 09:28:54"
"42","42","West, Montoya and Davis","2024-04-12 18:15:45"
"43","43","Wilkinson, Jones and Adams","2024-01-27 06:29:15"
"44","44","Ramirez Group","2024-02-24 16:06:14"
"45","45","Morton-Carroll","2024-03-27 01:02:22"
"46","46","Moore, Jones and Hunter","2024-03-09 15:33:14"
"47","47","Brown-Jones","2024-03-02 15:06:27"
"48","48","Potter-Ramirez","2024-01-14 11:32:49"
"49","49","Gonzalez, Love and Rhodes","2024-02-03 08:37:44"
