"0","udavis@example.net","Whitney","Burns","scrypt:32768:8:1$RDC3LVlrju5nWlZN$60dde1330c39e6027fb3a6467c2511c0f73dadfad77419a480b0ca0bd81567e0f64bcb3f16d296fbf8bdd69cd6eb910606115edfdb25687a215a4180604fb4c5","9339.32","","1122 Megan Squares Suite 848","Port Jason","Utah","77807","Sweden","954699706"
"1","vmatthews@example.org","John","Dennis","scrypt:32768:8:1$s6WK6QssmAk6DHRn$3899128c0d595ca2dc98dbcb9adc70ea4e173089943744bb1b6a7671c9d8b9a5fd4586f881b7f245db76487e432ee3c2011d0191821bb594d3f7c2a91bdd49c3","7740.45","","1090 Susan Ferry","South Jasonton","Utah","03487","Mayotte","412263150"
"2","lyonspeter@example.com","Michael","Dennis","scrypt:32768:8:1$qzEkuTl4gweB95DK$76a14fba8d3846f02214dfbd228ab4f322478ca27289c80f0b22ad6a7c50ae359a332d1b698fb74e840d957d9263271bfeb21f855115d06b33953852c7b157a2","8516.13","Monroe-King","1508 Taylor Track","Bellport","Utah","47582","Nauru","966734601"
"3","ernest37@example.com","Jennifer","Nunez","scrypt:32768:8:1$insIRYfHK6maP4V8$2b2b46788afab71d17d79602f24ea14f17b0bb447e069c0238eefac1a08bb7255a702439e2a3a9b01272569ee8aac8c95ec0d9b1edcafe50e0351011816f4722","1149.73","","81206 Stewart Forest Apt. 089","East Davidborough","Maryland","37198","Portugal","918302478"
"4","desireeroth@example.net","Michael","Wiggins","scrypt:32768:8:1$iKgPDAfyif3B6J7c$cdffa5047367f9ae4efb03e3b09daf8112da59dfa7bd475c5bc9c146c73e94fbac8bfab20f82eaa07bb4cae8ec15b854ef2b469d87439ee2fa63146621b9f73a","8786.27","","9402 Joseph Junction","Jennifermouth","Wyoming","81836","Argentina","019235242"
"5","parkermelody@example.net","Chad","Powell","scrypt:32768:8:1$4kbDsoAUIW25xVLE$4c64ba6b7313b730e3a9940bbffb85fc6d1bc68e810dfe97f56bb74d41f0b640c96f3ffaacf21e22af78846d44b2a2077254272f985387620e08fc09952e5179","4491.36","","13306 Corey Point","Shanefort","Pennsylvania","94139","Philippines","202951118"
"6","leachshannon@example.net","James","Crawford","scrypt:32768:8:1$ACRrL4gZSdca6oJS$2cf0693888798bf477e8eefc15e9c8312b3af15eeb2cfcd1e0b2e9c64e36353e9bd66f584d2a516a4cba21e4c6cfc4c4f7e4e53b02c9a499ac3957547e7c55ef","5568.48","","7389 Alec Squares Suite 508","Port Jonathan","Georgia","50177","Myanmar","274759013"
"7","krivera@example.org","Misty","Murray","scrypt:32768:8:1$ifJjb7bBGGr8JN6l$8c522fbe1dea266f5c4531ba47b75d8950451dc5a63f2871eaef58eac73121ce1f64cc230142dc18dfe678c961704b85e4a6ae6ed4e34a9d53124f023d4786eb","2490.75","Sandoval Inc","8945 Trevor Greens","Kendrafurt","Missouri","08661","Central African Republic","612800448"
"8","nunezedward@example.com","Robert","Carr","scrypt:32768:8:1$wYLNXa3onzVuT4i2$77dcbae566fcb3cfae3d579a01a6492f2e91296f331899085b2ecce406bc061d53afc71525a96cc17e61b28bc464289b62c27371992d302fc6cf18e868a90707","4055.03","Santos-Montes","64183 Kimberly Mills Suite 375","North Rachelton","New York","33974","United Arab Emirates","055827865"
"9","hhunter@example.org","Ronald","Knight","scrypt:32768:8:1$eeespG1JCSm1QlK7$4baef7d10eaed4b94c4f142051943578355a3736b82e8c0eeddd41d9d534723f8eaff71def3266a8826dd44669a40fad82a55cd8de80679b8774277f64e77009","3837.41","","51923 Jamie Spring","Lake Adrianstad","Vermont","03731","Venezuela","681139193"
"10","swoodward@example.net","Cynthia","White","scrypt:32768:8:1$s0IAkeKQT8eNF1fe$32c9d1119c8f4294a4201e3049269fe00298127e11a23728f42cc9c4c3944e14ab0b7d03538fd1c238ffba65c5852208775e9641cfabacdba86cae787e99ec9b","5795.27","Evans-Butler","645 John Roads","Danahaven","Arkansas","49840","Ireland","099439011"
"11","granthaley@example.net","Sean","Ross","scrypt:32768:8:1$U3RVPPYUMJ8ybtAI$093b09567169367e76e29c847f7e0a64fc1a46de2e3171a20148e493a6e55122c36e485b9c73fb3cb9b70689ece64cc0f2c31ed5791a6c7fd05a7611e80ff5ba","1532.82","Moore, Mccarthy and Ruiz","86401 Stephenson Canyon Apt. 468","Wallaceview","Minnesota","37646","Tunisia","795073352"
"12","carloscallahan@example.com","April","Berry","scrypt:32768:8:1$iQjfC0OCyHX11kjO$71dae954e927df52baac86dec8deea7abb56b80f5ebaee83c3e651143ea203252c47281ffbf0cfed22d7d59caca8da5dfb0be6e8f44139f40e6cd0c3a6fb644e","8535.23","Chen-Newton","7857 Scott Divide","Williamsborough","Alaska","47084","Latvia","398960993"
"13","blake90@example.com","Morgan","Lyons","scrypt:32768:8:1$hGw0sG1eDGVLEfJ9$ff5fbc2774a562af3dfbe12dd62646e9bb3b13ee3615a53f9993058046f2819f661b7e33cfd29416aaf8e99bf9f66318feb7599be0769d89523bd68299af7349","8605.51","Simmons-Vasquez","73906 Jim Corner","West Brian","South Dakota","89301","China","220877840"
"14","fcarpenter@example.com","Janet","Lewis","scrypt:32768:8:1$KO2B6bXGJhiyk9Me$8d22633926f74a24e1011b306862d477982881354d04b0c2e8724a482b8e07c659c349f7703995aee3d5fd7e1f0d03819252ef0c97b5252f40f16c61dbfe5bd2","5771.37","Scott-Boyd","1385 Mary Glen","Larryfurt","Kentucky","63688","Guatemala","823504494"
"15","hstevens@example.org","Christopher","Garcia","scrypt:32768:8:1$4W6lVT4w7cLHHVmD$95b2fd372ac9b92c27a9cd82706126055c5f4ec27660f5e054a0f6407141e4d4c78f269f983e8ded172cc39c6cf03cb3107a43e5f5dffc27e450059a5ec5df47","6591.81","Mccormick, Dawson and Waters","443 David Tunnel Apt. 263","West Nichole","Texas","01345","Saint Vincent and the Grenadines","540329527"
"16","jeffrey31@example.net","Kyle","Murphy","scrypt:32768:8:1$jds9tNbOWiteRAGr$5cb0029f2f10b0605f47d34f25ea34ca8d96fbaef513ab8d4607e7e26c57d09851694a381d9d78632c458efe6a3bc543bb829dc38469b3a343400d1cd96e7983","2888.07","","236 Franklin Curve","Lesterville","South Carolina","03910","Malta","543951887"
"17","janet14@example.org","Cassandra","Warner","scrypt:32768:8:1$ejf3p3hz8NjZTfz9$fb051e6a80472f62ba2f806299965cf33e326ab425690197237e5b7a5f492ad73e56a6bbe44cb7083effe8b858ae0724e20345f3f6740fa48ca0b5b664de71ff","9188.05","Johnson-Burton","00351 Michael Shore","Taylorborough","New Hampshire","57545","Cambodia","313973425"
"18","kmalone@example.org","Robert","Myers","scrypt:32768:8:1$F9iQOgn9lcxkAcGG$18f418b0e70bb7c61b889485fd151aeea95cd27e2bb29910c2c090bc0ef57d29e2feeefc3d1247e1b6e1f590050d753ca35a7027c9027bc6b3bf7eea0e49fafb","5035.2","","9197 Christina Canyon","Matthewfurt","Alaska","82521","Venezuela","843645173"
"19","ablackburn@example.com","Alyssa","Roberts","scrypt:32768:8:1$t0qVCrPMY5S4uKxX$83c43e40c9f54cd2a29196cc57afb8e4bab6146cbbb7467cdc4b2b6dc279324905c46f08056c6b68bc01318182a149e53ccd94f9cc8c05bd66922914e77a08a0","6641.58","","4319 Ballard Gardens Suite 225","New Lisashire","Georgia","45665","Guyana","224441754"
"20","sarah74@example.net","Cheryl","Jones","scrypt:32768:8:1$fPclRMOWnlrbQyNU$14aba0564559289a6d9bc1fe4ec33f3925ec307128083cf27f2203692c7bfee96e9a964246874a18c7bbd9183cf3cd3096e9173484851d76baf146dad710ea8c","143.6","Lee-Patton","82965 Herring Points","Fieldsbury","Alaska","47978","Marshall Islands","911370752"
"21","sierrahouse@example.org","Ashley","Young","scrypt:32768:8:1$iYAUjfDa1yTjdoau$6b4d32a246865a29194a2d92b9c13f2ac43292a965fe74179253fb0f51ca0d2449a4c4c9aa785a4bbee1254b24ef86d89945020ca19bc1fc158147e1339073d2","9250.91","","6609 Gomez Port Apt. 945","South Thomashaven","Florida","05951","Belgium","530115098"
"22","edwardsrebecca@example.net","Joshua","Lambert","scrypt:32768:8:1$PM6Kj1GB3jgoIEGo$e15d8a5db06e438d9b13474b036579e3cd0dd03e446ea1343a27e2164d4cefaaa5bb50cd8e20f4b4c152330345c7b161f2dcc0f28e18a1f1e8ce6c52b594cbd2","3419.19","Miller and Sons","45448 Lutz Drives Suite 820","Lake William","Wisconsin","41930","Svalbard & Jan Mayen Islands","917685791"
"23","stephenslori@example.com","Aaron","Hampton","scrypt:32768:8:1$M7ccpjUXCqP1YJfz$68a1a41dea43a46af0b40c8d10c20148660de0782b1c045c23fdb3f0c712b2777bfeacc9d5cdaf3d2366c2fbeea600e400e9bba47fbbf25c6c58baf9357ac0cb","6464.55","","0925 Ricky Mill Suite 994","Annamouth","Nebraska","24181","Antarctica (the territory South of 60 deg S)","429000046"
"24","morriskrystal@example.net","Monica","Crawford","scrypt:32768:8:1$ypehbOAJ1DV8zVbq$c4aead781092563869033eba58317a02d5901c1c0e1aa4a207bcb308c338d1506164aa71f4a1e38c7c4055c76ce7fa5493456cc8c34d12d1d861984fb96ae5f8","7978.82","","222 Danielle Gardens","Sonyafort","South Dakota","89425","Indonesia","022122848"
"25","paultownsend@example.org","Sarah","Smith","scrypt:32768:8:1$hnVTARfhOnbvDV1b$3931b23a9afcd5419307ad0898401896f9b1a1e0844a04af2f6534bf72febef84eae846a72612c36b54320cd9e30625497164dbf499d231061cce45d351706a3","2306.15","","8386 David Port","Tammychester","Nevada","32698","Latvia","392490225"
"26","munozkimberly@example.org","Joshua","Carr","scrypt:32768:8:1$4qUChLmyBMIiTZO4$d3b22cc7b154fbcee4f68ceeee1e1652aa2faf628b9c1483d3184bb4b9077274e3a0fcb3a2f4ed6fff9dec90fe501a06079f64e91aec21f45e356a0edb3d21f4","715.2","","57803 Thompson Prairie Suite 460","Andreaton","Utah","54312","Ethiopia","321130546"
"27","stricklandamy@example.net","Devon","Hernandez","scrypt:32768:8:1$TEfnB2H8p794GlkT$85ef650000ca518313346ba16c8a965a311e4f77a65c4abf10fd48321b070e3ba40ddcd4b0e3fa40dfd1d6eb3d58ad6834aa330c1265831f7bdff8a1dccb85e9","3203.36","Patel-Thomas","843 Reed Mountains Suite 661","East Adam","Rhode Island","83607","Romania","981765652"
"28","nicholasleon@example.org","Darrell","Cox","scrypt:32768:8:1$JjzMavgnvbMygNNP$4ebe360235446c122af38c62faa87a42b1661d0fd29dbdad94bdcd873c62fcf461d61249e9ff4889a379d3e576cbd43563335c0d8e9f7f7dbf2ccff3e266d1ae","3576.11","","376 Smith Dale Suite 279","South Sarahland","Tennessee","77599","Iraq","354418464"
"29","jerrydiaz@example.com","Melissa","Decker","scrypt:32768:8:1$MdhChE6dUZ3Qme6u$d1d3f033962079b977d2592192e7d402dd0d5434e3f1550f52236bf2c2acf90690423c99f9f6655b8c51313f60848ee5e8a02481835787e0ee2691a40f3ac8bc","4535.42","","8971 Hansen Well","Moniquetown","Kansas","30208","Luxembourg","832495305"
"30","joannestuart@example.org","Jesse","Boyle","scrypt:32768:8:1$GQuqwaSAIBqOqUTD$60b49ecae9612ae02a0f893fdbfbcbdc229278b48d350f097e7bc0833fa4ecf32c910bad306482ba5804bb6852565df0deebb71d767a906939fb10d76eb8bcdd","349.33","","1725 Julia Junction Suite 316","Marshallmouth","Oregon","81515","Cyprus","654360382"
"31","kjoyce@example.org","Richard","Baker","scrypt:32768:8:1$Oq1yCy7Hh7E8BE5M$af759e6f9357db7140a6e20f39e7140f00cac97a151ab617c7f563e35110655bde161c64aad16829c4702332ea92b17ea35540cef32c33aea546e63504909c98","6633.05","","233 Reyes Valley","South Jasonton","South Carolina","35801","Antarctica (the territory South of 60 deg S)","578665097"
"32","andrew29@example.net","Derek","Clark","scrypt:32768:8:1$h3JSOLiGE8AzG1GZ$29eb6722b1a4addb9116b9d13b48afe3e65d484e06aa93f003e11e3715e91342be7cb49d9b294b94841bc29292910f11044c67dcd82ea6cc72ba77afa2011663","1807.9","Griffin Inc","3634 Alvarez Forks Suite 457","Port Alexandra","Colorado","25090","French Southern Territories","961033619"
"33","abyrd@example.com","James","Myers","scrypt:32768:8:1$ybmmpVNjzqlGT291$34a4ca879ac7be5d90fba9d99faba7dea1189939b2c7af344596f5ad74c06fe936a058d74c7fc42d33e091d3615857b84dd819b06c3ce704611adbf873b15884","8489.98","","00237 Donna Coves","Middletonport","Utah","44822","Lithuania","615344684"
"34","jeffreywilson@example.org","Stephanie","Long","scrypt:32768:8:1$c7s2Y77Qf7UAeQ5P$9f455a3d2d868e91cf1e22953069b400b259a361f852cdd91230fc5bcdc28af93d2b6618b3d3761ce8336ed4a959cdcfbdb332514d348c7afadfd9be4e672ba6","7341.57","Jones, Jacobs and Cross","69541 Katrina Garden","New Michellehaven","Mississippi","20604","Lao People's Democratic Republic","252823538"
"35","selena02@example.com","Courtney","Elliott","scrypt:32768:8:1$WmqaBEWH0ACZvNMU$f928c8db6ee8dc085a6b38a99a42dbfc2ab5dc95ed5ca4b838b0d7aa54c43dbfea6b55ed5027aba55ffbb8ab74a275cafb198f45935a13b9a9ecc081283835ca","7060.6","Jensen-Walsh","8802 Weiss Route","Martinstad","Connecticut","80907","Monaco","470558545"
"36","michaelgrant@example.net","Jay","Thompson","scrypt:32768:8:1$7MW2T2Onnaz0DkbO$e5a1d0f80aa87f39aaec120dfbfd418b6b1871b9b240599ef2c22803c9d5285084bb3fbdf92a8d2161510b1e1d60775c536071b1ec555c6e4e55ed0f74d37b61","1863.03","Brennan-Casey","19041 Jennifer Flats Suite 716","Martinezshire","New Jersey","42985","China","266200809"
"37","logan84@example.org","Krista","Wright","scrypt:32768:8:1$ayjgdewum6uvoXJ4$85c7de49c8ac36eb0bb0ba69dacd21cf6686d9707e3c82ded7176a5c227934dc9bb613081049cccd9e3464107786c9a4c72107b0376a5df87d1dd7d754bae220","4344.93","Allen LLC","27058 Martinez Gateway","Campbellfurt","Nevada","62199","Qatar","907832231"
"38","amy23@example.net","Robert","Stephenson","scrypt:32768:8:1$U0cvoltS1WNWLI8t$b3ab8a5b74fc9aeb0c7d32b43c3df21c6f5d63e8e39ad2c7b2e6e5aa872072a5437f19e78c148e702b396d4d4f98fcae4f999d31117a82aca14f6776ca3aca10","2493.47","","636 Garcia Walks Apt. 801","Lake Tonyafurt","New Hampshire","88856","Falkland Islands (Malvinas)","996207578"
"39","dixoncarl@example.com","John","Mckinney","scrypt:32768:8:1$rhDb4j3vHmX4YfZ5$e881cc030930f6227aebb77728e64ce7c4fa009cf071d530566b36450914eef12695a0b3cc23a8948df04706251724a77dfa9884d281776b384246fb7e74a96f","6462.58","Turner-Taylor","559 Foster Locks Suite 933","Robinsonhaven","Hawaii","67302","Burundi","859758434"
"40","hescobar@example.org","Kristine","Lee","scrypt:32768:8:1$9A45W5xZaU1F3D52$93554d93831f95d4f95b6db9224f1f24531edffdae5a196d75cdbcab918a8a5d31cdd38f75f5bb997f52864852cc880d56f111e88cc964422f42ced248a91002","8614.78","","3675 Miller Meadows","Lake Angelburgh","Alabama","78341","Martinique","278337415"
"41","owillis@example.org","Brian","Merritt","scrypt:32768:8:1$E1rbhVBq8Fg9tCTj$f129fe14586290913e34c56f98093ecf4cc41ba264f44312f5b6d4593b2004928cb656c11c2deae564a821710dc772ff536e8dce0ce2edb1f75558bc5215067b","4739.95","","2184 Franklin Manor","New Sandra","Wyoming","17068","Poland","697511927"
"42","ybaker@example.org","Cynthia","Hicks","scrypt:32768:8:1$irhXov7WFw5mm7OT$97cf9057a06b20cb57d56271e4e6267bb5ce9c824a2872a0c3d2cf2b185d18db7d36e12df82b598d01ddb576cfa07116a5dcab3865cdbb7b5d3e4c7b1fa23cf9","921.97","Williams Group","466 Julia Mission","New Shelly","Florida","84943","Cote d'Ivoire","510422688"
"43","walterdanielle@example.org","Kendra","Wall","scrypt:32768:8:1$ZJI4EmufUXkc9e1N$6999330dfedbb4dd2ac0f7a1ca1b7ffd526bf3196b8f2ac10cbfcfa3a0eaea749c5888157d1af1c0ff2ab03b181e772ce1ccc0c99bb7eedc1b333ea600c685f4","7927.97","Thomas Group","12206 Elizabeth Pine Suite 945","Moralesmouth","West Virginia","88276","United Kingdom","652577370"
"44","alvarezmicheal@example.net","John","Johnson","scrypt:32768:8:1$WU8p6wvbwgmQvnfH$9cce79059d93e1992a9f7208e4ff3523f5974b2c08c241539938f3c8724d61cd5c7607442704654903fdff52481a276a93f434d75fcebcfe00c532b2b9d68fc9","6670.88","","782 Dominguez Spur","Lewistown","Virginia","60038","Nigeria","591459586"
"45","xmyers@example.com","Kenneth","Lewis","scrypt:32768:8:1$LDq5swgqvp5wuV0r$2ca1f8c23bcbed8740e2088833f02daee4b1a801ecb6588e7c2fc206be1f2ad1ac04f4213a01d548af9f6a1a444f9b747ef4dbf8fd3b4e17f093017106e0bc85","3089.54","Howard, Wright and Pham","46483 Anthony Island Apt. 033","Port Angela","Colorado","33380","Macao","248877609"
"46","cookerik@example.com","Christina","Hansen","scrypt:32768:8:1$BU4AR90e3WGZ37Ro$8052cc1e3ba61cae3ce719bf31c5336faa5f95db76e6db3e5c6008e3e66b1981165e0772022996fff4cd1b2c35297dab827bb45e2854bd403f4c6a253a7bca94","4560.86","","41962 Joshua Estate","New Stephanie","Florida","17553","Turkey","243720869"
"47","jameschapman@example.com","Amanda","Castillo","scrypt:32768:8:1$2ax2FJCnKI7bcISw$e33f84ba32246afc65447cc0156c3a85ca0a7fca3bb79f4d8c1a049fb6fcc35ff90ef0fabdac344aed3b44e7da22368b863f164ce3eea7f181db7048e8679df9","7474.28","Thompson, Stewart and Ibarra","431 Henry Knoll","Jefferyside","Montana","09083","China","399087944"
"48","kathleenthompson@example.org","Joseph","Mccann","scrypt:32768:8:1$rh04gLN8HpwNr0VE$3727a6df42de9d68ab0c489ab60e3c354744554277bab468b47d6d9cdb66ae0c3a9c56f7d581fd55de8518fbd99b31be93c2c031bb3823b58c437482b7a68765","5943.45","Nichols Inc","203 John Rapid Suite 618","New James","New York","12409","Congo","901156436"
"49","emily79@example.org","Michael","Baird","scrypt:32768:8:1$sqHsmdtJtKj2WEg7$083da2a2223707309b2716d59237a5a92a7ff0829af8824efc68afd13fb46e94906ef197181d6038e3cd81c26a1f2fba75044115184ba8746532ae1497e03a88","6833.75","","5991 Michelle Lodge","Port Andrew","Maine","19372","Maldives","836136098"
"50","virginiaboyd@example.com","Debra","Rojas","scrypt:32768:8:1$xMRpmWNYqLBsau0Q$f716a2322f2353c712810999d843e81e1dff9d9bf887dceb03d80247f3c565d703de5e353679fc25448d933dac993d2a44015be523d996aa3f462c014178c5eb","2341.77","","7915 Craig Gardens","North Michelleshire","Colorado","61535","Swaziland","257716657"
"51","stephaniesantos@example.net","John","Perez","scrypt:32768:8:1$kStksAEDMvIKudQq$e15e8816762015280d0cea58152c8b2e383005ff8acb6e580da5a595d8d805e99d59f5077474bfe105ef0c455346bf976f0fc9a359b789118d22e4cfe76926af","24.22","Carey Group","5466 Tonya Shoal","East Kimberly","Pennsylvania","94982","Cambodia","254902551"
"52","jennifer86@example.org","Kenneth","Wallace","scrypt:32768:8:1$UcHawUf0hi7Ojr2s$6449d6467ebe600e2cb5a258da83a18845d34aedf6252d998e5a2e1d71adbea3c4294fc7146157c488adceb9743c4a64f9c39d65330b21de414333aba7ef0891","8713.4","Monroe LLC","4377 Robertson Curve","Adamsburgh","Vermont","02538","Cote d'Ivoire","378103693"
"53","suzannemartinez@example.com","Kathleen","Barr","scrypt:32768:8:1$sov8GDFCmIq6NHB5$0fc28fe4e07b3b8fe5c2ef1cd0388ec3a7cff82f98f87ce04bdbcf3f20f4975658ec1b67bc56de1b07047cdc7debd001ca34c9af53f14c42ac1f4a85512ca412","5588.89","Brown-Randall","4818 Smith Divide","North Matthewmouth","New Hampshire","26505","Ecuador","364594117"
"54","amy84@example.org","Curtis","Jensen","scrypt:32768:8:1$6vba5HmiIr3SrFlR$17c691e44d80b99a76a27392bf9a4953ca4dec9e5d2c2529a7e0e853778870b5d7b89706bffa7c5da3c6f735f3145f23ae1ed925134ea17bc08e997bfb66ff46","732.65","","79885 Ronald Valley Apt. 969","West Michael","Massachusetts","62485","Niue","878722189"
"55","dawn57@example.net","Kristina","Warner","scrypt:32768:8:1$BlFZ5cRMG8ugBP5K$4dcca02f4caaa6fec0e5cada4a1218b36193918b10d72aa23022f3e31705ee4ed2d8a25c89ff9dfa96be3ed1cfed1b796a5592aa5d807b2dc4d10258ab998dff","8948.79","Jones and Sons","886 Clark Meadow","New Thomasmouth","West Virginia","00877","Congo","688747700"
"56","nicholas66@example.net","Heather","Bowman","scrypt:32768:8:1$KEAqSoCD2vl36g9n$39dd95a11f88b524acf0a25b1393fe0fb9797fdf7439154827f88690e84cee1a1b30831604aaabbe7cc6196ad660c805321cf3271b0f2c05aa936ebce588b31d","6433.24","","6925 Roger Mill Suite 135","South Andrew","Michigan","20947","Cocos (Keeling) Islands","840090616"
"57","lleonard@example.com","Randy","Collins","scrypt:32768:8:1$JKmfDpO0yV77JF1I$963c79925759ad665c7a86206b61d972cc9aea92cb4f413bdb1400926a523f8674e0d546918f0ea19858584fbb8531753d75ce2b7e1de17aabdcfd506a7552f7","7707.32","","483 Liu Manors Apt. 015","West Kyletown","Arizona","82385","Aruba","151650711"
"58","lawsondonna@example.org","Lori","Michael","scrypt:32768:8:1$EkfdNJ4ZFSOAs2ZI$444753804d15a51142f404a9e2cf71d788aaa2d042a0bbde1bed6d4e2fe3e804c46288a8f13d512de903d7cc3dbbebac2686f3cd2892c467c466cbc76ca252ce","7726.06","Kemp-Rice","986 Allen Square Apt. 296","Jillstad","North Carolina","49476","Angola","017661144"
"59","joshuagreen@example.org","Monica","Jackson","scrypt:32768:8:1$9AM33c3B0j0hUoX3$4ab4d8cbe95942de19d6dd33cc5e3aaf479425a4281a9dca6da12e24c96f07c3651f6661d7f68387429e5ce1fa187a46f7b51eaf9e4c54c450b8de33ca361097","8811.59","Little and Sons","68424 Julie Grove Apt. 560","Jeremyburgh","Kentucky","48905","Vanuatu","951486026"
"60","scottanthony@example.net","Eric","Jackson","scrypt:32768:8:1$LceZdGZAume2huwS$3bc46dca75f82717474a6aa17bf346112cdd27a354fbbbb36478751eb1b7eaa1bcce607215aa1957f8b6c7fe3c9b8b94333fa71b3608cc4719de87ffabea8f70","4162.83","Castillo and Sons","039 Gutierrez Lock Apt. 266","Wilcoxborough","Kentucky","08780","Reunion","990970112"
"61","uflores@example.com","Tracy","Wilson","scrypt:32768:8:1$ELrQ1sTYnzCiY2pU$223b60bd83e64f580a9858a85c49b30b18e5a87092f2bee1e0b0673634777e28633a59c6ec12c30d19273f71a92958ebd0877ebcc579aa2a82bf6310074bcd1a","919.64","Johnson Ltd","587 Peters Street Suite 929","New Michaelport","Nevada","09241","Cyprus","074193461"
"62","travis83@example.org","Michael","Dixon","scrypt:32768:8:1$kYHQQb1iu8RYeKmk$dc8679c21459836571c00941440d59e4e23bbc3fd7c27f20b5665a3ddf0561e6fd69a5231836deaad1ecc8c77ddde59ddc3aa23e8b433ce9a08487b9c0979a6d","2699.75","","5051 Claudia Creek","Dianeshire","Mississippi","24158","Sierra Leone","074608944"
"63","zthomas@example.org","Kathleen","Fuller","scrypt:32768:8:1$i4zPdQjcg0MvT5hE$b93b8e04f57daf7ced6d617beb45133b3684e06128b3029965b47c5ad94f13a1ccacdb715b8cd46da55dc22249510e714b7c068de4608f1b757a568e28712092","5142.05","","524 Bates Crescent","South Marcmouth","Maryland","44184","Togo","706318190"
"64","peggy10@example.com","Julie","Myers","scrypt:32768:8:1$QnspZRkVNFWV2YGy$b8989361558762dda615087eca721372bb0d5163ee7bbfdbb81b55c9153300d1f19c795b29b231bd366b1e315ac6a4df0fb5c69ad209657241316ab07c941e55","6199.43","","2642 Mallory Corner Apt. 857","West Zacharyport","New Jersey","07875","Burundi","349094071"
"65","jamesjensen@example.com","Donna","Dalton","scrypt:32768:8:1$HDsj0pcw1PMkGhrM$c00c72a0198deec07166ea57993388d319e83ee04642d93770e4e48ce6cdd264c2f60bf8f46c33d7b84f40a2c36299667991e30cafad43e4fd72b8faaae1e617","2725.48","Berg-Stewart","57280 Drake Alley Apt. 802","North Manuelport","Texas","25901","Seychelles","002179996"
"66","paula36@example.net","Bernard","Doyle","scrypt:32768:8:1$CGkZZLChlNLUsiqa$1c9c03227b136f329fe3f3d1e7d6ea1e7a97f96dfcd4edffd2a67c855cbd58517ff7fbe3bc7220f0e954fe47a6ea9b435020d950a066d4725cb0e75956da0e63","9307.54","","8565 Braun Throughway Suite 037","Richardberg","Idaho","63064","Comoros","919182818"
"67","pmartinez@example.com","Tanya","Wilson","scrypt:32768:8:1$x5rixwqEoPAEOqW6$b62ded46a041f12b4a8c556a7211e67ba72f9de4f196c6871517e2a0a8205739931e5055da0c32428471b998604dab54c1356836f7192648eb379c710e17ce93","9105.67","Mitchell, Taylor and Larsen","322 Hill Springs","Garymouth","Ohio","13613","Saudi Arabia","001423410"
"68","yphillips@example.net","Brian","Rivera","scrypt:32768:8:1$HcznDQ6iyGX1zYQX$23b0979a7edda7b4d3bf298bd13a7a91604680da0625e5799b6d837c4521200b29937759fb6252bd90a6cf49698c4e3cac746fc5d050fdbc120484682c52efec","6756.25","Lamb Group","45492 Mcbride Avenue","Rebeccachester","Alaska","39653","Thailand","158085485"
"69","rebeccaunderwood@example.com","David","Fitzpatrick","scrypt:32768:8:1$V7gzn9fCDYmtzBUE$91be8b1efaad649c2f1fe584e559bf01d6a01f0092a27913a81b2e880888d03cb191b0cecc1b8f83c467fa84db918d5e4f4004461d075ac7d0294165d2385048","9995.18","Hamilton-Singleton","89653 Carter Estates Apt. 431","Jillberg","Maryland","34011","Russian Federation","988098894"
"70","rhodesjohn@example.org","Jason","Newton","scrypt:32768:8:1$AwBSfnI7ls1SO5xe$b5882e4ffa091022c634c7666d8490a24e405339bf351d908b65449649cee215a90a9475f468fd017c1929580aca5522333041a898878e53a44ecac90e15ca18","8987.43","Meyer PLC","58095 Kline Turnpike","New Kevin","Oregon","54582","Guinea","098315378"
"71","osmith@example.com","Ashley","Carter","scrypt:32768:8:1$tAxiBLnXGZkfUSUB$51774538343a3d26b1bb6acc9ab5dcffffb80f68f572c2aa8ba0530ba3fed902574742f93df46dbe33dfb137f03532c4edcb1b5de3614175e939f3f5bc61db40","7503.88","","683 Carlson Springs Apt. 678","Port Mariamouth","New Jersey","95913","Colombia","522237717"
"72","brian61@example.net","Theresa","Mathews","scrypt:32768:8:1$XKVAMMxvv6smsLoG$e3b67713a432089914915e9e80ac0934e5faf0dacd4ca800016c713c4f245cbe756671032d35a40b237b8fe42c0a4e57debc5542045ef42b0e1d25b90cc20ebf","5436.86","","24051 Christine Route","New Robert","Alabama","48530","Burundi","024678775"
"73","matthewgarcia@example.com","Travis","Guerra","scrypt:32768:8:1$aBjdhTUVXbrdTmI1$27d16cf8aced257f095494a87cd5b51848489162464f44014f8671dac960cc4967b748351833095fcdacefa3ded009af726b708884a604587b658cb2d951b78f","2394.65","","3841 Vincent Manors","Harryville","Maine","96401","Tanzania","771829952"
"74","wowen@example.com","Joseph","Murphy","scrypt:32768:8:1$QpeKt34TlfXlnLvM$94a535d0c363521cba1825e0d3f1aefaeefae86eb73b8f023a614877cc05d538325be49a3cf58b173550e69c1a0fbfac1d326c8192fcb5bddeda974bf930013b","9579.14","Garrett-Coleman","090 Andersen Loop Suite 332","North Amandaberg","Maine","47468","Libyan Arab Jamahiriya","541589160"
"75","curtisedwards@example.org","Curtis","Mcgee","scrypt:32768:8:1$EUUVy3TrFgo8n7XW$b2f9a392695b80b85544f7685c5730f2cd0d33933a357391e24b8c2174a40eddc2b09fcb8145829f93305e4193424698d9aa0256dacf2b74dc7d59df94d6551d","1209.26","Lloyd-Johnson","4547 Matthew Islands","Port Michael","Mississippi","47480","United States of America","930953708"
"76","edwardsryan@example.org","Mary","Williams","scrypt:32768:8:1$Ys8HfPJDGPyx6r3M$5e4c5c656ef02012547dbdad587619663409fe2a499defc73a0097e6fabcd6a139070dd280d9b37321ce19b6f8f52bf48d3e51cb34a0e2867f6176b734984a85","546.92","","29015 Elizabeth Way","South Jonathan","Oregon","49592","Saint Pierre and Miquelon","636696872"
"77","sydneygarcia@example.org","Bob","Castro","scrypt:32768:8:1$l97E8DCx0j29pW9I$ace86013e48ad944aab23e7c378ade51b3514c92984f1a73d4e6c5577f0cf023cdfd1f80c6b9dc5d9e7827c8a048a7f4ccb0ce0a6bf05c2456f87f50f36ea1bf","9649.15","","4841 Berry Glens","Shannonville","Pennsylvania","41270","Gibraltar","678788935"
"78","ashleycontreras@example.org","Andrew","Goodman","scrypt:32768:8:1$LDagRZae1E0vg0fn$7e93e43af17a2fbf26c62ec3e95fa351c50a2cc3f329b5d4c26a797f90529f4e41c3295aeee49347b6d81caa92d0b1a1896a2494f857924f608e75cea4716959","5269.64","","67454 Jenna Plaza","Owensfort","Connecticut","11384","Vanuatu","610293061"
"79","nicole08@example.net","Kevin","Middleton","scrypt:32768:8:1$YUW2QpaSH9kMR6pc$6956b30ed44ddc30a7216831e10236bc047069d9d4282cedf010175fcf3a60d4519d351686340251d6b679ec961e1ff2c029272ad31675e0f121dc4b59357bf7","445.65","","0074 Heather Mountain","Lake Katrinafurt","Oklahoma","07808","Estonia","102575835"
"80","matthew08@example.org","Scott","Zimmerman","scrypt:32768:8:1$vCZmqOALiJ5RwHfT$e3ea6717f73cf657122d99e1ef0ed3a6c98ab5cd40178f51bbb3ff0893f45830d72a81d5cd679e155d1ac78962be902da446786bf0ea96a65dfee68ba47ce232","2573.08","Mckay-Phillips","436 Brian Trafficway Apt. 295","North Bob","Ohio","21817","Yemen","501133350"
"81","richardsonkayla@example.com","Christopher","Andrews","scrypt:32768:8:1$trd873mIwvlVfoRG$f28cfcc97f127eea5929f21e8f0d006b88c726e359baf773fb2bbaf721825be2d35ab0d226a29dcac7f4d3de557a9a28bac6c4fd7d8d1c800aca4e228f11f5de","3188.21","Martin, Scott and Baker","6515 Jordan Turnpike","West Seth","Colorado","49543","South Africa","383191594"
"82","kathydiaz@example.org","Scott","Novak","scrypt:32768:8:1$OujhBoWV7Q4yyJAR$55d47527e7eecf6ee16ec49eb1a053576afcdf80e83f81008243bfe45ac721a83ac97f56cdc597c57463fd62743c8126abf2880be53f4d38eecb39ce2e03e323","1717.2","Dean, Moore and Parrish","240 Kramer Island","Linhaven","Wisconsin","29211","Georgia","506238692"
"83","walkerlaura@example.com","Dean","King","scrypt:32768:8:1$KRK5efFcxkDkmHJF$da56cba459c0780062dd777dc4e6933741901fcd858cac6afc4ca05658c34176b46b37b25042c54daec2e7c79c3781d465abb69345e3562c646bd30afddada26","5633.16","","4247 Sanders Rapid Apt. 732","Farmermouth","Arizona","97079","United States of America","845643173"
"84","michaelmarks@example.net","Lauren","Brown","scrypt:32768:8:1$Dq5aBojajXgPja38$96a61d27d447162f8b4a1bd405b8084ed9675ef104b64d1a8a2b647316dea8cef4426ce30ee9bbccd36c1c05f8188f95ea82dd5d7f9d4c2ad5ea433b8da5963b","1337.33","Webb, Stewart and Caldwell","66194 Barron Valley","North Albert","Missouri","48348","Sudan","085988397"
"85","williamsonjames@example.com","Dawn","Powell","scrypt:32768:8:1$NFEo32mvkGsnYsOS$f16f3d6070be04d7b8130114ee27137c1066c2010ec3975d7506b84111148d130a4807a27512b69ead13e02a24dd4c2e24cd13def346ac8a2b4a161d00fc756c","8201.83","","3819 Rosales Roads Suite 483","Rileyshire","Arkansas","74710","United Kingdom","626703690"
"86","kristina11@example.com","Timothy","Knox","scrypt:32768:8:1$nn6IBOwz10c69bO1$e71f2aac3c61ddb15341de3b2f40149858277f4aa721ee7a0530fd06ab15e494ea9e154b8185db0cd0d75c4686e28dd740d440fc4ba5b42c63b3671590d5fa90","6401.27","Caldwell-Morrison","6462 Jessica Plains Suite 139","Evelynshire","Louisiana","01471","Gambia","498323309"
"87","armstrongcolleen@example.org","Kara","Brown","scrypt:32768:8:1$ISh4B85Y3lIXI9TI$8d3e4967c0797d74782905c067374eeb1b8bfded8fb6e62c7086a9ffa3ad4b0c724b9638f5696104fa4e434ac147edc828b0ed05195cfca76f820d6cb5c2e206","4167.35","Garcia, Berry and Fernandez","964 Daniel Crossing","New John","New Mexico","79765","United States Minor Outlying Islands","225402394"
"88","jeremyhubbard@example.org","Eric","Brennan","scrypt:32768:8:1$cHbeJTLcS4zkZrAA$7f6afd8e53b59a147556380c6f7a4d841dad1e63f06f08036d1bf948e223aa899c53c11d5036d6595f382fcfda94432984988b8c21e29ec0e6fd59d95ac30343","9402.33","","48835 Allen Pass","Nelsonfurt","Massachusetts","97922","Ghana","988312912"
"89","pcamacho@example.com","Alexandra","Diaz","scrypt:32768:8:1$6HQ8HbaKCqs3hYjk$b97aca805aa6f03b36d5495f76e18aecd68b4d7020db1e38bfc730fdc40b30e899feff9e06f6d1870ccfbd1a355cb2b5ebd74db393ac43774b9627df1bf71abf","4829.04","","990 Austin Ridges Apt. 256","New Kelly","Wisconsin","64262","Egypt","626207435"
"90","nowens@example.net","Gary","Jackson","scrypt:32768:8:1$2d5U17EKcaVETx6a$a3c41435d56d40645724729fe9c3b360de8d171837cb65262c4aa4a864ffe05c86db4dce8c8b5f7e66f1a601386533caaa089be27a0face006885ee31281e096","3873.17","Hammond, Sweeney and Charles","4390 Krueger Harbors Apt. 992","South Kimberlyfort","Minnesota","33289","Jordan","905847777"
"91","cassie89@example.org","Brian","Johnson","scrypt:32768:8:1$QtKRwCSaFuz4n9wq$c511b443ab5fc30bc40e5ac20224b04d802eeac235cc635eceb26868044de7ce3ce6353d8fa50052bacf196948344c40c16eb09000ef241393eabeb378588493","1659.57","","554 April Circles Suite 196","Tylerville","Washington","60222","Taiwan","631893219"
"92","upayne@example.net","Jacob","Wade","scrypt:32768:8:1$0doTfUf6aPh40Y1A$dc41b5064e2d559a34f98ba9bf24ab531b72de4bd859a845f139aee94ae61b75580ddd7b58ac9fd7f84f50a75ab88c4af15d0395ac8fd2f3b613f397e00ba359","4922.31","","4006 Pierce Branch","Lake Dakota","Nebraska","30715","Tunisia","775573698"
"93","mramirez@example.net","Jennifer","Young","scrypt:32768:8:1$R237DnOSvPXqTiHx$bc1afbaa1b6e1ab07b8645f9d8b15b143acaa26dfe0e0bed0b4cd222a99cdb0dd6c7b3c43c286b7bd7173d73daf248fa026b416ad397cdbfe7883e263ae63367","1188.42","","7619 Davis Mount","Jeffreyshire","Arizona","13756","Guinea-Bissau","683770642"
"94","tracygrant@example.net","Richard","Kennedy","scrypt:32768:8:1$MzIyHkfclBZvor4S$f4c2aec4de815f915cf7f9badb0ab0283aa18091fffd5cc0ae98747ca3bd725d10cb3909e869b47980e090d16afa8ff6199c68d72c54f1fc64f6383f349486bf","9503.43","","469 Diana Park Apt. 747","Sharonland","Tennessee","40900","Cote d'Ivoire","794416806"
"95","brendahendrix@example.net","Justin","Miller","scrypt:32768:8:1$UzogMx6uM1eP5lo7$4374231fa6379f2368a45d47ad5fa446ae0bb887ce49513618fabd76cfd65d21126af966df7aa0b1a1b6fd4ff833778afc56ad8537ec308a1d8752713e68887a","1813.0","","67931 Shepard Extensions","Obrienland","Alaska","33461","Zambia","179826960"
"96","jfreeman@example.net","Charles","Golden","scrypt:32768:8:1$BjRa5XTBgdEohB9z$b6f7d74113ebf04ad010af01943f808e339b063548ba0585c172547828558ff2b26d68cda20a39def44f21e9eb686b442033f03037fc5c7eacf93f5929c7ca23","3516.16","Mueller, Hoffman and Choi","25114 Mcdowell Pass","Alyssaville","Mississippi","52701","British Indian Ocean Territory (Chagos Archipelago)","898455979"
"97","joel00@example.org","Andrew","Norton","scrypt:32768:8:1$l5MJD9pD7sVAJ1Ng$0ba73393ddf2e0d94f0589dac92f1dd51097185316b7949d71c0e850ddd4027c6978d6d3a5bc96c5ad88b05c597f0a3949673985c6e31e196acac5a1353d188c","7244.87","Wood LLC","16454 Devin Isle Apt. 316","Amandaland","Hawaii","23566","Northern Mariana Islands","680957034"
"98","sydneywagner@example.com","Tammy","Shannon","scrypt:32768:8:1$cuLBVvyCeu26pa8R$843032871476afd65c0725041aff94bb02bcff20f5df201e58cbab4dd9076878d1be29e5e840613645c799ec19991535b22db4f5962fde6e3368bb1d2a19ff89","2382.62","Page-Benson","16323 Matthew Walk","Curtisville","Rhode Island","72403","Niger","013437941"
"99","qbyrd@example.com","Donald","Fernandez","scrypt:32768:8:1$5qaoCGYoVZNmd1xf$4eea3d12c56091565515e4ac22701b14bcc54f82ce0a06c5849442f84f9769e0f5783a787369657218b9f063bc43221c70f41258252ec8b22afa5afec4b61d11","7817.15","","1313 Rose Underpass Apt. 550","Heathertown","Michigan","81407","Bahamas","347456645"
