"0","set"
"1","amount"
"2","key"
"3","throughout"
"4","check"
"5","pay"
"6","yard"
"7","rise"
"8","number"
"9","computer"
"10","for"
"11","protect"
"12","season"
"13","interesting"
"14","vote"
"15","then"
"16","weight"
"17","more"
"18","writer"
"19","everyone"
"20","mother"
"21","use"
"22","hundred"
"23","two"
"24","military"
"25","very"
"26","check"
"27","as"
"28","career"
"29","mother"
"30","from"
"31","attention"
"32","arrive"
"33","true"
"34","economic"
"35","lot"
"36","bank"
"37","PM"
"38","despite"
"39","at"
"40","onto"
"41","job"
"42","street"
"43","television"
"44","inside"
"45","often"
"46","evening"
"47","again"
"48","reflect"
"49","table"
