p_productkey,p_productname,p_price,p_description,p_imageurl,p_catkey
1,hospital,471.32,Truth approach impact walk sometimes. Test according majority determine away. Move authority compare peace style become.,https://picsum.photos/765/489,8
2,today,467.72,Well religious those report reason country. Attention heavy debate cover front. Practice town billion painting peace half.,https://dummyimage.com/296x731,12
3,red,419.09,"Republican face past behind. Their window them particularly admit live.
Daughter trip white treat. Green account reason sure act.",https://picsum.photos/622/791,11
4,true,277.22,"Of up organization. Worker laugh action short us likely machine. Stuff seem spend full particular.
Offer present pretty language. Environment different some another run wall force.",https://picsum.photos/842/1003,10
5,everything,336.12,Smile happen successful human stand service. According understand happen begin actually. Data interesting eat practice throw receive.,https://dummyimage.com/135x6,39
6,threat,256.73,"Culture watch wrong pick structure. Figure continue food whom fast late. Concern law enough information which join.
Throughout tax gas any manager political. Total your story teacher exist these.",https://placekitten.com/305/37,15
7,reach,265.61,Image lot party mother purpose family east within. School word year establish generation TV response. As his seven stock. Decade high clear ready past trade believe worry.,https://dummyimage.com/664x804,38
8,by,371.83,Perform particular only his. Something move race special away behavior. Reality population pressure.,https://dummyimage.com/439x1010,14
9,consider,418.51,Only minute light within better those ability serve. Character event artist later someone management pressure. Pm charge or put upon. Least building military seem.,https://picsum.photos/210/760,20
10,when,268.37,"Social production consider state. Her front watch religious star. Type note land lead not site. Issue long civil anything court many.
Bit mind race born.",https://picsum.photos/174/162,15
11,yes,201.9,"View oil tree certainly would. Stuff north development everything candidate.
Forget truth current camera. True listen art consider social example state into. Deep travel baby cover.",https://dummyimage.com/566x67,27
12,hit,131.25,"View country adult represent any. Song our blood hot physical.
Later despite training behavior maybe consider. Southern street contain relate.",https://picsum.photos/269/927,9
13,model,499.85,Bill gun name ability population number campaign. Remember recent type rest name term turn unit. Peace spend up simple wind. Among fly firm clear foot yard make.,https://placekitten.com/913/594,32
14,fly,178.87,"Region go program. Order too this.
Beat yourself find available.
Wonder space particular skin. Walk four stop part agency stock window safe.",https://picsum.photos/527/507,45
15,among,329.66,Seek up chance difference. Rock foreign pressure maybe significant mention detail enough. Office without some effort red forward. Event help born baby culture.,https://picsum.photos/215/45,17
16,world,21.05,"Value institution wait maybe before. Result level wind finally pretty.
Per camera much woman anyone note. Who dinner alone body front. Generation option lead increase discuss health.",https://dummyimage.com/366x763,14
17,during,426.47,"Tell method together purpose either. Especially phone a various week car.
Much camera spend. Tv common once vote wrong. Other find never draw respond those group.",https://picsum.photos/797/567,8
18,happen,493.28,Question record heavy important decision past eight. Season probably office another perform view agree.,https://placekitten.com/621/508,10
19,month,387.54,Use friend attack guy address chair. Everybody camera treatment class game. Develop west dog animal suddenly property name.,https://dummyimage.com/368x120,39
20,cultural,431.27,"Can draw culture all glass loss when. North follow few if available sister. Policy open size behind section rather check north.
Bad billion film. Fact focus arrive year event yet.",https://placekitten.com/916/772,5
21,clearly,287.83,"Seat vote wish heart foreign. Fall third former watch positive crime.
Certain available car more low one.",https://picsum.photos/849/358,27
22,reflect,143.21,"Understand wall without about once.
Court child from. Treatment bank operation fire some but for.
Family represent soon. Blue well expect law.",https://placekitten.com/104/175,40
23,nearly,112.76,"Employee international scene hotel. Run yourself until.
Part manager film approach admit rest. Produce decision dinner physical.",https://placekitten.com/445/68,26
24,learn,138.47,Fund can beautiful arrive usually can at. Book another chair team. Figure kid course risk meeting activity do account.,https://dummyimage.com/552x894,20
25,five,371.37,Organization information industry customer score. Prepare none they team after quickly again imagine. Responsibility forget board term too.,https://placekitten.com/938/824,37
26,environment,466.74,"Book community commercial price set section identify cause. Ball financial field its able daughter take. Actually parent middle best score. Rule until rich risk him decision.
Bill mean point power.",https://picsum.photos/561/576,50
27,itself,473.02,Determine bit too especially personal can. Us water another dream four. Bring reason PM event wait describe four blood. Life inside see wait myself before bring.,https://dummyimage.com/201x596,30
28,instead,46.99,Room provide upon summer during leader old. Along smile receive happy experience. Find physical state condition where often clear.,https://placekitten.com/723/848,34
29,force,492.59,"Later nothing finally boy while tough reach. Attention opportunity study against must center. Such raise coach read church lose.
Half lay week charge. Thank boy find.",https://dummyimage.com/604x163,26
30,same,105.77,"Listen draw adult against interest. World bill social sure light.
Investment short else instead. Find sound join region conference lawyer care.",https://picsum.photos/76/107,24
31,deal,234.09,"This manager fill. Green together interview tend drive region unit.
Tv law cut subject morning pay interview Republican. Imagine story middle weight. Common start college wall.",https://dummyimage.com/689x664,44
32,protect,333.61,"Several test morning article attack. Still thousand season program behind. Couple field eight member want affect can.
Interesting religious or participant. Baby skin director sister view the.",https://placekitten.com/6/506,48
33,particularly,154.47,"Since become black. Home deal important current. Require likely improve good.
Red however draw ten reflect. Price trouble if example treatment together.
Fish future property. Face station career.",https://placekitten.com/262/370,5
34,meet,120.4,Young century again always car strategy television put. Decision about idea must end anything. Low approach case reflect world visit.,https://picsum.photos/3/403,47
35,for,175.29,Cold machine our hospital agreement artist special. Our authority hotel ever seek plan one. Mission score stay question population process future. After art tell idea accept.,https://placekitten.com/400/718,15
36,employee,320.56,"Election could off.
Within threat black president heart. Husband heavy stuff cover training product. Summer the another everything those whose choose.",https://picsum.photos/541/704,27
37,training,474.89,"Tax her fly professional identify stand. Record wide suddenly game least tend throughout. Maintain suddenly eight clear environmental near future.
Growth bill during professional.",https://dummyimage.com/794x492,31
38,right,165.69,Theory history design institution probably. Quality author somebody car. Both bill situation war.,https://picsum.photos/352/431,8
39,none,304.77,"Plan your participant sit I cause happen society. Civil avoid material line other effort school. Value team majority.
Over road some stay.",https://dummyimage.com/642x289,6
40,mouth,197.65,"Group class argue create behavior. Effort kitchen into data miss.
Machine candidate loss safe. Year particular maybe within almost clearly. Her however modern along various century.",https://dummyimage.com/910x222,20
41,those,69.58,Forward none sure will five. Blood whose marriage kid several scientist relate. Strategy physical campaign store middle once news develop.,https://dummyimage.com/689x974,29
42,off,102.14,"Also will because could event subject first pretty. Myself direction message age.
Conference I art. Southern other but certainly worker receive. Light result nothing college thought time peace.",https://dummyimage.com/899x453,31
43,action,149.86,"Pattern a article outside drive.
Them skill middle theory ok exactly. Arrive attention to nearly. Soldier run what general.",https://placekitten.com/936/595,23
44,meeting,345.95,Present guy community already leader. Environmental create health particular more break. Summer color information south write pattern.,https://placekitten.com/690/467,7
45,smile,162.1,"Send the live economic body change even. Campaign your among now offer maybe.
Let summer either hard figure hope. It ask information season eat indicate part language.",https://placekitten.com/549/19,41
46,perhaps,420.33,"Produce five forget. Bed him vote require explain. Surface between soon decide.
Include positive join plant ever such able. Everybody think American several theory.",https://dummyimage.com/555x782,46
47,boy,115.78,Prepare important ball. Nation arm their he wish. Grow story alone forward wait.,https://picsum.photos/955/952,42
48,hear,276.09,War actually official significant name east than parent. Worker drive sit feeling pass party. Manage player administration. Realize season small long.,https://placekitten.com/977/19,21
49,main,296.78,Even against talk relate theory magazine. Avoid less food study hit. State huge his participant.,https://picsum.photos/742/470,46
50,foot,375.87,Join example agency career marriage no. Term manager well area probably line and.,https://dummyimage.com/81x278,27
51,perform,298.84,"Enough walk despite specific adult. Report manage much describe ground information new into. Evidence fact purpose officer about.
Response heart spring those marriage look.",https://picsum.photos/410/989,32
52,property,186.5,"Dark hour amount its herself. Story debate provide with style kind win. Question week along change determine send task.
Mrs usually throughout would.",https://dummyimage.com/365x486,40
53,produce,426.3,"Subject possible first Mr.
Travel administration continue.
Major six your may arrive. Action why seem too laugh door.",https://dummyimage.com/460x472,7
54,account,164.9,"Follow attention act hand process anyone. Quality dark tough subject effect message west.
Whole more understand as girl people. Involve large important word effect.",https://placekitten.com/614/72,26
55,tax,394.24,Air easy dark. Suffer democratic organization type get. Evidence something really manage read think own.,https://dummyimage.com/96x9,16
56,improve,224.54,"Yet yes responsibility heavy the prevent. Market east movie present people remember. Kid important risk executive success.
Bed street down teach with.",https://picsum.photos/655/1014,5
57,no,465.24,Form operation president dream his. Fast bit hope service yourself general result to.,https://picsum.photos/765/428,3
58,time,111.85,"Music see business consider. Language company sea television. Out recent federal indeed.
No take many water until.
Society ready left hotel thank Democrat one. Truth become build identify seat.",https://placekitten.com/752/442,41
59,we,186.33,"Staff ball pressure indicate response. Water nature boy reach dream truth.
Others baby dream fall. Eye anyone physical hotel exactly use. Sometimes bill both.
Analysis while want whatever no.",https://dummyimage.com/429x900,32
60,nothing,123.47,"Road resource action home order indicate. Statement account soon I within candidate. She professional positive must and speech country.
Follow break drop fish house five.",https://placekitten.com/689/837,23
61,whether,202.25,"Give easy put customer. For strategy various. Hear edge picture agency.
Key every up successful. Baby cause onto worker mother other candidate.",https://picsum.photos/670/523,3
62,physical,56.31,"Discover through feel easy charge. Tell blue front pass.
Civil every agree bad else. International industry possible particularly month box.",https://dummyimage.com/610x607,46
63,million,345.63,"Among everyone involve never only example international cover. Drive position wish different. Wonder until operation.
Enjoy best high represent. Language address social clear.",https://placekitten.com/568/135,9
64,moment,288.42,Beautiful attention its game follow. Tonight yet most walk. Career including control reason amount figure customer.,https://picsum.photos/897/989,41
65,experience,113.16,"Police sister positive base that his. Television indicate gas sort manage firm.
Family rich act candidate surface. Ever idea edge response cultural lot player.",https://dummyimage.com/270x370,46
66,Congress,382.59,Threat rise suggest wish travel admit. Page card evidence.,https://picsum.photos/983/423,8
67,future,267.74,Radio debate situation one bed black.,https://placekitten.com/332/1001,25
68,number,437.62,"Simply to miss light after table condition. Deal material interview together article level.
Young capital off tough difference impact management. Month audience just really sport.",https://picsum.photos/577/15,10
69,spring,70.64,Thank attack money natural spend pass. Court realize rest oil. Set although identify only hope about movie. Likely area economy social fast eat.,https://dummyimage.com/403x900,23
70,debate,464.11,"Field shoulder past argue. Television money student near then.
Report nearly help them response seat. Success list campaign happen. Record right conference tonight fight study.",https://picsum.photos/684/21,12
71,choose,35.58,Think agent record structure one prepare. Garden leave world science reflect second performance study. Suffer land lot final.,https://dummyimage.com/761x569,10
72,reveal,346.01,Hold official attack better even. Admit how fall stuff if guess owner on. Speak school night international. Free behind condition themselves couple.,https://placekitten.com/713/565,21
73,painting,376.07,Drop even program. Ability picture manager product shake agree about. Population leave speak behind.,https://placekitten.com/230/313,49
74,less,446.23,Alone analysis health business indeed pass bill. By will leader management music.,https://placekitten.com/978/313,32
75,country,20.02,Career various ready really girl sure. Each once explain very perhaps rock. South up charge else that suffer should.,https://picsum.photos/784/848,44
76,their,50.61,"Risk tough floor try. Write in idea huge allow example. Approach fine force back offer subject particular.
Economic fast fine rock information as. Difficult yard age.",https://placekitten.com/151/568,26
77,structure,291.85,"Feeling level his create economic specific apply staff. Final close campaign agreement pick position.
Tv direction job television off. Poor list TV subject product popular.",https://dummyimage.com/335x996,22
78,whatever,480.89,Bit set special ago impact environmental what sign. Special night debate say professional within allow. Maybe quite image bed pressure.,https://picsum.photos/897/471,2
79,indeed,20.33,Even environmental score increase. Pick very southern thus. Partner better turn factor detail thousand.,https://picsum.photos/478/830,15
80,through,46.33,"Use source member must memory resource policy. Moment thus bar smile they smile.
Middle camera program one region. New article protect American case power teacher.",https://placekitten.com/814/990,24
81,base,63.97,Road season course campaign power why main. She trade federal answer kitchen goal. During admit card author interview rule bag offer.,https://placekitten.com/1024/461,39
82,maintain,434.07,Its tax force order discover exactly. About staff style win. Case well though seat meet quality offer.,https://placekitten.com/533/692,23
83,other,166.02,"Alone option ready trouble western car.
Seek huge today north throughout. School couple finally turn mean power dog.",https://dummyimage.com/1014x28,40
84,history,349.8,"Foot face pay customer development painting course. South detail include join mission.
Set within PM really effect culture glass. Base sure beautiful study image.",https://picsum.photos/664/213,47
85,information,421.79,"Coach production professor past contain investment expert. World main case attack break keep.
South plan yard foot dog education little. Stand bill report.",https://picsum.photos/678/190,35
86,level,189.07,"Perhaps join result project. Line attention take evidence. Stop foreign indeed.
Short now score ever note. Nor your education. Risk expert key many.
Business community any eat also her cultural.",https://placekitten.com/1013/720,50
87,item,340.24,"Couple building animal. Growth create with teacher.
Where change brother spend. Tend poor out.
Job them finish health whether. Deep network control sound occur thousand fall.",https://picsum.photos/53/937,35
88,last,45.22,Play have whole building newspaper candidate natural. Run nice stock success former organization could.,https://picsum.photos/386/460,15
89,rather,192.17,"Total sign back arrive financial wall beyond. Life song somebody minute question.
Old plan eight ahead stock hear worry box. Poor foreign term hear hospital effort store current.",https://picsum.photos/967/599,44
90,book,254.16,Collection own mother clear sound role agency. Course avoid condition despite south possible chance. Air hundred clear tough moment soldier around.,https://dummyimage.com/893x66,19
91,history,87.0,Present possible single successful. Candidate loss there treatment feeling. Government company already discussion service technology research.,https://picsum.photos/16/335,46
92,administration,241.57,"Control cost of part. Our for force.
Real share computer politics nothing military fall certain. Theory bring computer show church such happy. Fill analysis hope safe picture film.",https://picsum.photos/738/216,27
93,power,274.2,"My others order director and support. Ahead suffer process radio. Project boy some away.
Mother positive major brother customer. Each certainly season region crime son yes.",https://picsum.photos/606/622,22
94,you,233.48,"Adult later manage president. Buy have couple environment.
Size author year letter fast yes ground. Until cut put tree choice.",https://picsum.photos/648/344,6
95,trade,162.13,"Story choice however tax. Return do may. Perform read production win.
Great doctor common treat stay. Instead recently computer subject firm after participant soon. For others wear pay medical.",https://dummyimage.com/619x751,25
96,away,212.63,"Run available summer page. Way here year toward design. Heavy degree wonder make.
Hospital account mean part agent. Like company office spring.",https://placekitten.com/622/610,10
97,cost,51.37,"Seat sister yet. Analysis nothing site class class.
Former wife wrong nor political whose future realize. Central stage Congress soldier.",https://dummyimage.com/43x535,17
98,box,54.89,"Account several thank college discover first. Discussion I investment goal pretty fall.
Ten ask later. Fund building hand gun trip.",https://picsum.photos/191/470,30
99,or,421.01,"Affect significant entire away case. Road us back each decide. Again season enjoy than occur occur.
Leave for Mr forget. Suggest accept school mean performance act.
Expert subject vote final walk.",https://dummyimage.com/329x912,28
100,inside,423.21,They against song happen Congress friend green near. Consider research majority type girl control.,https://placekitten.com/61/199,35
101,home,129.22,"Identify bit once play before nearly.
Herself how interest oil word first. Measure customer thought could about region.",https://picsum.photos/99/333,47
102,brother,182.81,"Generation community ball of instead. Yet order party bit dinner join.
Church responsibility these star boy.",https://placekitten.com/450/483,10
103,law,490.7,"Already partner smile finally wear. Organization cost fire else feel. Site bed foot opportunity mouth present.
Than two since any. Improve sport both dream. Visit stand mother get safe paper.",https://dummyimage.com/680x679,20
104,hold,393.51,"Increase challenge since within five safe. May race live near center your check if.
Or activity agent matter mother seem. Woman and society traditional suggest event organization.",https://dummyimage.com/64x828,25
105,bring,139.18,"Give two dog management. Sign know laugh laugh administration main.
Its begin hair drive difference. Item organization arrive know contain. Season success foreign however government.",https://picsum.photos/638/470,21
106,present,134.71,"Such believe middle in. Green listen field rise alone agent. For natural we provide vote hotel check.
Case change style human. Modern stop blood listen poor draw century.",https://picsum.photos/70/118,25
107,care,214.81,"Base establish people treatment this three. So defense live.
Friend job rather politics lay foot. Ready meeting actually top one couple.",https://placekitten.com/86/161,8
108,create,94.21,"Listen deal dinner paper. Republican value effect pick mean born.
Easy finally contain list decision many. High about wish half watch exactly.",https://picsum.photos/116/28,16
109,soon,309.8,"Determine car onto. Ground wait accept. Head successful source plant need friend do.
Fear list she.",https://picsum.photos/146/798,39
110,newspaper,290.17,"Short always how officer trouble. From purpose whom health deal among place. Former fine dinner near full.
Seek charge friend throughout. Whether sense play system he friend.
Your vote term.",https://dummyimage.com/94x541,13
111,while,160.56,"Support peace glass Mr my night this none. Likely town unit find.
Weight family friend total. Side course or charge trouble.
Rather bank condition reduce.
Would own increase. This will right fight.",https://placekitten.com/774/1017,17
112,key,140.13,"On shoulder behavior purpose nor oil. State building reduce pass gun choose. Special now until.
Seven west beyond toward plant support doctor. State early game.",https://placekitten.com/1024/932,42
113,friend,68.1,"Star teach sing against offer. Fact economic never sort mind job. Room recognize present pattern court.
Walk letter amount difficult show. Defense ask action top identify close now.",https://picsum.photos/782/999,7
114,far,337.39,"Light why page. Continue day source. Sometimes require finally war particular.
Ever many amount time.",https://picsum.photos/0/805,32
115,less,52.88,Remain threat him how ok. Again leg field activity sing hour offer. After build then hospital about.,https://picsum.photos/818/690,22
116,detail,13.51,"Arm stuff director beyond situation cell edge three. Growth activity door its light protect kind.
Language at take side. Service commercial generation without. Believe impact product space plant.",https://picsum.photos/385/670,28
117,evidence,317.64,"Process experience artist everyone. Staff none throughout on bar.
Material happy return everything bill clear film. Plant sign citizen however professor down cold indicate. Pay budget kitchen upon.",https://dummyimage.com/11x762,6
118,movement,64.67,East chance religious most become husband though huge. Thank improve out than American resource computer.,https://placekitten.com/538/736,48
119,attorney,467.76,Mr minute although talk. Idea safe model defense. Provide medical hour reveal knowledge memory.,https://dummyimage.com/976x21,13
120,local,21.18,"Program movie perform. Painting drug decide family present likely wind.
Rise direction he democratic me must whose. Bed few there energy.",https://picsum.photos/206/140,34
121,listen,347.46,"Dark life girl sister main us. Age everyone represent tonight.
Hold no create themselves upon his fly.
Focus feel firm sort add religious sing. Alone brother herself very.",https://picsum.photos/450/778,6
122,everyone,321.34,Lose health worker ready live blood some. Economy professor travel move. Answer occur ask force. Sister gas face offer administration indicate answer.,https://picsum.photos/835/960,32
123,participant,45.21,"Owner decision wish offer difficult. Music technology oil adult size field his whom.
Discussion hundred democratic. Group carry foot mission.",https://dummyimage.com/369x100,14
124,vote,54.49,"Focus long sea teacher among. Report make economy today few of.
Month bit no person off tree evening. Conference street take former. Station theory stop cover behavior.",https://dummyimage.com/35x571,15
125,agreement,493.24,"Cost crime police.
Include pressure political research ground economic pay. Artist whom value analysis. Institution place support could.",https://picsum.photos/47/606,47
126,anything,396.22,Meeting century lead there soon. Stay fight easy rule government throw. Force avoid draw western away American course response. Wall goal mind fact heart particularly.,https://placekitten.com/1020/230,12
127,make,466.98,"Much force team other alone learn size industry. Understand skill bit friend.
Well health table this skin reflect. Much more federal suffer rich seem plant. Base teach behavior will much.",https://picsum.photos/845/546,15
128,market,89.34,"Than what professional cover. Second report certain possible him along.
Leader foot your art return college country. If cup true let tough collection head when.",https://placekitten.com/404/370,16
129,enjoy,136.03,"Feel fill about article lead air. Television matter number stop. Part area fire fight. Several sing quality relationship.
Positive air collection work sign. Note really available.",https://picsum.photos/405/54,49
130,make,87.66,However suddenly begin health dark. Head development manage available health. History drop series middle thank two.,https://placekitten.com/862/355,3
131,company,148.1,"Drug live if. Door teacher hold school leg college ground.
Commercial represent general site how key. Real security window picture.",https://placekitten.com/841/482,34
132,begin,361.33,Floor owner nearly learn until area news floor. Involve sell represent central feel right performance. Response character nature carry our.,https://picsum.photos/419/291,37
133,teach,318.57,Method contain direction set you question follow. Imagine believe talk education policy shoulder research. Answer front which thing they.,https://dummyimage.com/574x450,10
134,number,496.18,High contain like occur become claim Mrs. Job small much public. Stand friend pretty. Series though early tend effort college.,https://dummyimage.com/285x606,13
135,current,115.29,"Behind wide American owner while forget eight. There wait may enter language black leg. View few type feeling grow.
Coach note and. Individual decision yes end. Close sister drug yeah unit.",https://dummyimage.com/532x620,48
136,treat,30.21,"Bring sit she young. Admit film benefit attention myself onto.
Yet paper official our a law. Protect lay style position.
Within rock short hard would whom everyone. List bit positive there.",https://picsum.photos/340/842,23
137,rock,108.57,Every certainly decision lay. Quality American wrong president evening network hair. Raise those three military realize.,https://dummyimage.com/929x113,18
138,final,121.63,Could almost realize whom. Network manager TV spend girl trade audience determine. Myself street scientist window program case leader.,https://picsum.photos/440/817,6
139,administration,196.37,"Yes report relate build. Energy significant cause service can treatment.
Outside language good he probably doctor mean. Political likely common. Better together although song away experience.",https://picsum.photos/344/861,38
140,exist,354.8,Admit forward myself free office. Painting nothing matter available each. Someone economic the for sometimes friend probably. Manager fund police defense lead.,https://dummyimage.com/625x484,21
141,beautiful,349.92,"Teach garden space while. Suddenly wind suffer.
Space cultural large before political class. Each physical think crime wind hope.
Lead clear physical be off. Can college history instead.",https://placekitten.com/96/703,44
142,light,431.32,"Bill condition travel personal. Top improve improve political.
To plant candidate certain. Discover significant show use accept. Blood movie daughter day nature example.",https://dummyimage.com/598x754,17
143,suggest,198.97,"Answer increase true return nor. Fall seem lose action. Truth baby door anything pattern.
Industry heavy street large cell talk. Black must picture man believe better quite.",https://picsum.photos/417/30,43
144,three,332.54,"Sing dream herself skin same almost continue result. Arm from left nothing within. Memory theory fire growth onto.
Any safe voice deal campaign owner.",https://placekitten.com/290/866,12
145,debate,337.75,Must of list raise. Before throughout agent financial drop.,https://dummyimage.com/19x526,42
146,tough,247.2,Increase economy all adult future phone. Play best capital into. Both market necessary.,https://dummyimage.com/876x875,32
147,easy,150.44,"Age serve help with place break back. Western join view conference bag approach. Maintain thus if blue. Between news mind play instead.
War sort American foot foreign. War current the good watch own.",https://dummyimage.com/259x197,36
148,director,346.18,"Act live voice allow her. Dog event month. Sister less type decision important.
Cold ever first time wife she. Night bank resource bed agree. To country reveal body fall.",https://dummyimage.com/998x986,20
149,nature,186.49,Picture draw argue quite. Research stage not task outside wind. Show former administration. Property music reduce you military senior reflect.,https://placekitten.com/58/992,23
150,fast,433.14,Manager image maybe myself find listen ground. Company prevent glass visit brother ago charge movement. Role hold personal large ago media building.,https://dummyimage.com/444x317,48
151,present,237.78,"Direction they write. Seem significant return forward major war while. Church enough machine foot issue prevent teacher.
Sense well left former trial safe usually. Fast recently human toward.",https://picsum.photos/786/892,7
152,likely,149.78,"Sister inside just several. Explain purpose institution action social become fish. Image to maintain section.
Value radio decide administration. Both black public drop born upon this.",https://dummyimage.com/408x946,38
153,attorney,45.68,Hair money audience scene same citizen thousand. Meeting range activity walk begin how cell. These also follow director there.,https://placekitten.com/216/733,5
154,country,204.58,"Popular area group go respond relationship open look. War particular drive not. Answer up them listen.
Point certain turn budget action this radio.",https://dummyimage.com/812x974,6
155,own,286.51,"Avoid business energy worry over site since never. Number nearly amount forget might company.
Work director myself nation. Yard main beyond better current bed building.",https://placekitten.com/283/148,31
156,type,65.45,Fight factor citizen group wrong happen. Inside which should two help control thought.,https://dummyimage.com/196x487,41
157,theory,95.89,"Scientist theory account positive Congress. Clearly next involve gun wear project.
Sport food from task interesting grow. Reason buy public nice but right. Play down figure effect course official.",https://placekitten.com/599/417,50
158,rule,479.01,"Stage time late guess stand increase hold. Article drop join well.
Identify school low air strategy. Allow have drug child life sea show. Station your successful necessary study.",https://placekitten.com/512/544,6
159,garden,139.59,Consider future couple leave song. Popular at article through five. Discuss agreement reflect live political throughout name early.,https://picsum.photos/358/825,4
160,other,282.67,"Least suddenly son these race. Memory may bill letter.
A management author into weight peace middle.
Ground toward those rather gas throw. Security establish sure city far.",https://dummyimage.com/277x160,31
161,board,340.51,"Provide moment main. North big sign exactly guy order.
Billion today receive family. Political treat respond. Newspaper toward meet difficult leader happy small.
Boy value night yet.",https://picsum.photos/260/818,16
162,effort,73.83,Without article debate color perhaps much tough coach. Age list newspaper pay mouth. Training trip thing prove likely its suffer manage.,https://picsum.photos/136/824,19
163,section,10.71,"Represent along window activity article. Girl approach car. Stay big various follow protect.
Forget century you opportunity. Professional apply culture imagine store. Foreign leave before.",https://dummyimage.com/853x948,25
164,because,318.9,Yes rather physical the foreign. Young matter those tell one. Little direction party defense very fear always size.,https://placekitten.com/430/798,45
165,laugh,420.35,Two art machine career race. Big my away plan part relate. Shake stage public also then research film.,https://dummyimage.com/272x209,25
166,send,463.33,"Political popular care trouble.
Fund glass five throw. Ever hold job support. Head foreign hit skill quite Democrat center.",https://dummyimage.com/609x302,27
167,mother,359.88,"Common beyond end almost either scientist. Rate arrive sense consider.
Amount health across everything.
Class sea soon. Bag enjoy life system cold. Successful employee magazine point break.",https://picsum.photos/221/15,47
168,wear,149.04,Air how name citizen decision thus base. Do half fall subject together maybe alone. Health begin cover whole. Growth matter major maybe.,https://picsum.photos/863/763,30
169,see,476.78,Country we final stage concern situation thought. Difference nearly attorney.,https://picsum.photos/127/643,23
170,black,78.4,Study company question half also pull. Remain tree into rich effort near. Number of meet eat despite street sometimes.,https://picsum.photos/82/468,33
171,long,344.07,"Seven security everything church war real. Almost guy newspaper sister let quite.
Character place find tree. Let majority feel modern growth work.",https://picsum.photos/638/88,10
172,reveal,342.77,Determine inside cup. Conference politics support tell year everything. Industry provide job too shake skill source.,https://placekitten.com/561/406,24
173,visit,392.02,True never measure fast rich itself our. Design require trip difference treat tax foreign oil. Follow let check wife customer my.,https://dummyimage.com/118x480,6
174,loss,98.63,"Evidence throw stand like just tell cover. Miss myself policy person conference by good. Join onto shake offer black exactly concern.
Enjoy four probably. Though law parent seat view free mouth the.",https://picsum.photos/634/82,20
175,action,384.72,"Control protect production especially. Today enjoy instead. About their month cup early way.
Happen more girl experience. According one role best ago heart.",https://placekitten.com/111/789,39
176,happen,231.85,"New near month responsibility they choice. Deep again life player week window early.
Approach college claim sort. Than director top last central gas answer music.",https://picsum.photos/866/648,17
177,work,200.98,"Short if little speak. Increase response wife skill particular word Congress real.
General produce plan billion agreement more language. Begin career still.",https://placekitten.com/157/777,9
178,address,405.16,"Close way usually several real point. Guess open take.
Bar expert night just. Money time coach. Defense would prove. Thousand drop now usually.",https://placekitten.com/276/776,48
179,dinner,139.42,Personal phone follow fight. Administration discover method. Article blue everything level against eight.,https://picsum.photos/634/183,38
180,edge,258.06,"Actually mission research state message. Save like affect. When require coach score.
Free available speech middle response already computer daughter. City picture call organization then agent open.",https://picsum.photos/149/505,49
181,court,308.46,"Glass part cup wall ahead require job. Fast learn hit bar near.
Approach receive though before happy. Live him line decade most already.",https://picsum.photos/951/960,12
182,money,474.38,"Fall lead charge reach set everybody. Since skin clear easy.
Billion friend across worry white. Front play understand another available result garden. Reach there mother science fine recognize.",https://placekitten.com/481/697,11
183,election,252.48,Television by for order suddenly place. Other door person join lead husband drug. Environmental different contain.,https://placekitten.com/312/987,49
184,he,300.58,"Measure car strategy with a social time red. Process trouble radio ask politics assume check prepare.
Oil there piece poor despite poor.",https://dummyimage.com/444x937,39
185,official,298.28,Agent sign school figure. Indicate itself tend fill. Rock cut fall citizen.,https://picsum.photos/16/920,25
186,sense,391.7,Television travel property film many school risk. Around future appear senior. Any real fight capital reduce society picture. Side foreign rock generation.,https://placekitten.com/35/834,21
187,court,51.97,"Among billion big fund forget about. Fear newspaper maybe quickly thousand.
Result need value. Sense relationship guess lay. International run address pull.",https://dummyimage.com/333x306,36
188,pick,292.99,School enough expect our strong inside computer series. Seek how dark begin movie computer rather hope. War dog focus right administration. Democrat senior your near ago note.,https://placekitten.com/344/252,42
189,new,95.85,"Story price reveal give every. East light other experience scientist rate in. Those beautiful address thing.
Perhaps fight onto door one. At program whole family stop defense. Board so trade meet.",https://placekitten.com/659/302,29
190,month,465.32,"Recognize sense rise strategy. When better choice how fine represent stay. Small about city middle.
Much himself process national shake.",https://picsum.photos/881/398,33
191,field,175.17,Little tough move so compare sign. Son hard yourself not possible movement full. Everyone become page bill recently trip. Hospital control law try.,https://picsum.photos/990/770,32
192,sister,189.33,"Study training although laugh.
How ball prepare rich very charge true. As opportunity work process. System television everyone.",https://placekitten.com/59/704,34
193,mother,266.69,"Also sign outside product strong discover trip. Center visit couple why today information get.
Cover sister often vote.",https://placekitten.com/885/963,38
194,impact,415.08,"Official fact area quickly. Son son old kind large. Stop factor world them appear drug.
Heart simply scientist. Gun reason against author size. Manage walk again reason. Fund seven yard quality.",https://dummyimage.com/704x535,10
195,none,161.21,Foreign local short view prepare guess politics. Happy building without road participant vote body. Huge end less prepare big speak why. Thought else face whose.,https://picsum.photos/886/347,2
196,side,473.5,"Both another game figure bed.
Pretty during from. Test debate degree but speech.",https://picsum.photos/793/392,13
197,yes,272.06,Account want indeed article decade almost. Common training moment hear nation car. Traditional action seem fly somebody pretty security.,https://dummyimage.com/497x123,44
198,feeling,100.72,"Stuff box poor few space new possible. Leg four pull test energy. Firm agent sport reflect go.
Foot marriage often marriage. Against difference strategy poor husband.",https://placekitten.com/93/751,23
199,suggest,21.6,"Add deal test peace.
World decade spring national anyone concern everybody. Seat life rich. Sometimes many minute face any your try. Establish gun rule we law support major reason.",https://picsum.photos/69/95,24
200,risk,118.81,Seven commercial civil by require. Hold deal size sister media reason. News instead evidence arm.,https://dummyimage.com/918x682,13
