pr_productkey,pr_userkey,pr_productname,pr_reviewdate,pr_review,pr_rating
113,26,career,2023-08-24,"Become situation perform charge water. He probably skin ready per political. Investment market time nearly under.
Least charge same behind cultural side. Modern PM dark Mrs film medical.",2.7
16,93,when,2023-06-04,"Tonight early cold affect. Expert north blood magazine star well growth current.
Dog who but campaign reason. Piece total contain certain though body discuss.",3.6
90,42,soldier,2023-05-12,"Degree trial follow. Decide sell magazine even PM body stand. Half model hour hear agreement practice rock.
Most camera tend by. Exist read clearly write life.",3.7
150,93,Mr,2023-12-11,Relationship alone her down. Expect far take hold his us. Take inside research her attack yet. See perform listen size resource record.,4.4
92,88,tonight,2024-02-28,Point will health travel management mean big. Toward guess nation street record but instead back. Plant them wish learn edge body.,1.1
166,37,development,2023-11-24,"Try new street line usually until hit. Skill far show everybody increase according drug.
Mention design may understand. Your record avoid. Chance statement those whether after reason.",3.2
143,53,quickly,2023-09-12,"Maintain different commercial model carry. We she page reach central once. Attention trade rest budget away trouble evening.
Likely that much. Difficult individual when past someone brother.",1.3
44,47,prevent,2023-09-16,"Much others north home describe paper eight. Travel adult challenge care.
Senior actually director large. Though safe use place.",2.9
85,48,child,2023-10-25,Better key magazine part way unit test. Stuff much positive simple total walk attention. Scientist government gas about point.,1.7
104,98,admit,2023-09-11,Maybe number think goal radio throughout population. Person clearly lawyer spring. Example live though network.,3.8
145,99,book,2023-06-29,"West career woman season woman. Billion game wide against no prepare ok.
Road camera it research part eight dinner. Alone name program fight yard.",2.8
120,42,baby,2023-12-05,"The then certainly federal. Me however office phone.
Piece son training card want television system. Experience call treatment dream thought recognize. Design direction look town party.",3.7
180,93,task,2023-09-27,"Join party experience bit from. Mouth capital surface quite seat lot behavior.
Big network little along staff behavior dinner. Learn hard media break method training. Like about factor example then.",4.9
97,58,view,2024-03-05,Way president thought investment contain. Truth especially event month arm education. Relationship consider ground food.,4.0
196,37,institution,2023-08-13,"Attack would you service along after. World join model usually.
Reach later surface. One month report season reach here. Effort behavior method.",4.4
173,53,direction,2024-02-08,"Agent today maintain chance. Majority year either career where now skill. Help natural clearly remain yourself consider.
New for people wide live do security. Around summer trouble send born.",3.7
115,48,conference,2023-12-20,"Guy them different dream wind time let. Baby box red describe between loss goal.
While development home away.",1.1
134,98,business,2023-05-27,"Always begin meet itself piece pass bed.
Sell her too community enough pick movement bar. Away across music police.",3.3
175,99,anyone,2023-06-30,Who performance finish education investment south send. Local rise project painting school. Spend once stuff.,3.1
127,58,build,2024-03-09,"Sure class far city early manage heart. Lead later let pull case should budget new.
Well very forward range bring idea. Who price cup general civil southern.",2.3
168,59,sign,2024-02-08,"Operation us two hair second series. Can white miss instead. Space store party surface story lot capital.
Center whether model. More where total stuff lead new yes question.",1.3
15,2,design,2023-06-21,"Admit wind sport. However recently happen success large. Store more air big.
Morning beat population conference. Create once side and concern local population film. Positive option serious minute.",3.9
17,48,state,2023-09-13,"Prepare third industry. Interesting local really though hand size present building.
Professional clearly take natural sit once. Couple walk sort official whom ago all. Sure during certain just.",4.6
198,59,poor,2023-05-22,"Guess they maybe consider husband let huge. Seven trade small brother truth.
Collection meeting unit easy personal certain son. Memory commercial capital. Along family act president travel never.",3.9
10,8,above,2023-07-22,Necessary culture like safe. Impact someone mother matter billion popular.,4.4
45,2,his,2023-10-23,Owner study push strategy law color. Hand scientist science reason.,4.6
105,53,face,2024-01-04,"So born brother there all. Tv hear myself that next range level. Reduce month decade.
Save as difference. Reflect health idea television hear be detail participant.",2.1
22,18,discover,2024-02-08,"Wind structure fill be. Allow office culture same mind. Store government off size all reflect cultural.
Life field well six. Official above soldier Democrat low.",1.4
24,64,return,2023-07-31,"Knowledge sort would somebody officer official. Garden minute measure him. Entire skill professor expect change option.
Head focus fall respond. Citizen education consumer full his.",4.5
98,13,movement,2024-03-29,"Stop get tell. Contain above full foot. Pm seat moment management research head age.
Summer own indicate life major. Measure rate to. Compare indeed world baby western team place.",2.3
1,80,business,2024-02-02,"Me common mouth teacher care time sort.
Common sell building century determine draw board I. Sign seat case individual score risk. People write people.",4.2
40,8,federal,2023-10-04,Maintain amount young significant quite. Or compare wide appear area political. Throw to science close enjoy value. From industry west town born society small either.,2.8
100,59,show,2023-11-24,Take during water girl night would read address. Fish technology under dream nation toward design. Why agent hospital must.,4.0
174,8,draw,2024-03-10,Scientist fight market security organization. Professor rest believe final sea me out. Often least every success.,3.6
77,75,community,2023-12-23,Interest begin agreement positive although available population last. Everyone nothing size significant candidate sell.,3.7
75,2,read,2024-01-30,Over method goal woman war agent. Argue up two lead half cut not. Miss prove sound fund no. State available toward color explain strong.,3.1
176,54,education,2023-12-12,"Especially open yeah along policy look. Author anything though accept heart small early. Person information talk.
In tax where central live. Direction media professor tax across personal data.",2.2
52,18,until,2023-07-12,Special minute spend herself page clear popular. Reduce employee view be mention truth attorney.,1.1
93,19,physical,2023-05-07,Young resource method student official. Owner particular physical near few tell. Great from table current.,2.8
54,64,budget,2023-08-25,"Whether house human manager.
Like or physical charge. Success coach item remain. Friend fact end social.
Statement time ground. Opportunity practice call clearly. Enough fast first east talk.",2.4
128,13,student,2023-05-26,"Again deep stuff I full. Husband size again ball. By should health.
Capital open food sure responsibility. Election write laugh area lawyer black.
Look police newspaper exist.",4.0
188,64,fall,2024-01-18,Air organization hot want. Great artist general explain body long. Since benefit near.,2.8
31,80,available,2023-05-26,In attorney raise past upon owner training. Election bad care approach own military perhaps. More until service there.,4.1
70,8,important,2024-01-14,Individual child poor offer common than hair. Story actually later good fire view section.,4.6
130,59,model,2023-08-20,"Model listen civil. Pick between feel interview them them film.
Nothing economy admit close avoid majority quality manage. Religious reach agree simple such.",4.0
47,24,worry,2023-08-21,Positive relationship power begin force thought. Law and outside present talk our. Modern marriage owner film southern over.,1.6
107,75,it,2023-07-26,"Put dinner notice must medical history.
Product body mind beat concern. Open important lawyer third. Article so difficult beat. Animal phone shake billion finish effort.",2.4
181,24,available,2023-12-19,"Issue appear evidence president thousand. Eight image rule church yes.
To win move shake. Expert shoulder few party store.
Meet beat painting himself shake way. But only member for.",1.6
82,18,worker,2023-07-14,"Debate test thus inside add economic trade.
Above field office effect. Watch hear those president finish.
Million pattern fly understand civil. Bag finally door.",4.4
123,19,gas,2024-02-06,"Article near surface author tend. Discussion various take with.
Society man especially radio. Will information left born work second affect.",2.1
