sr_sellerkey,sr_userkey,sr_sellername,sr_reviewdate,sr_review,sr_rating
13,88,Clark PLC,2023-11-07,"Low five instead beyond huge seek whole. Simply fly much including often expect. Somebody major fill.
Adult student arrive allow there another. Adult apply include dog minute heart fish.",4.4
16,93,"Duke, Perry and Reyes",2023-06-16,"Card Republican charge. Whether new step recognize size. Pretty whom voice central information.
Present gas his religious religious will perhaps. Remain tree project money safe risk. Peace law one.",2.1
29,32,West-Wiley,2024-04-09,Behavior beat window mission value go ask military. Pay score recent local particularly. Two government network American.,4.2
48,45,"Gill, Grant and Cummings",2023-09-14,"Grow ability test fish reach follow today. Arm culture piece wait see explain avoid. Issue region those eight or.
Itself method country ask. Protect fight wait.",3.1
6,48,Jarvis LLC,2023-08-06,"Imagine trip increase attention. Spend face student billion.
Stop everything shoulder. Article sing defense man attention note official.
Young draw think specific rock. Smile teacher fear successful.",2.3
9,90,Pena Inc,2024-03-23,Team food those begin west. Realize begin including despite. Really stop stop lay point.,2.9
50,91,Fisher-Lopez,2023-06-08,"Avoid difficult buy. Allow ball real much American black tonight night.
Night speech out pass true. From however writer what tough majority daughter.",2.5
41,42,"Warner, Harvey and Stafford",2023-11-07,"Fish per bit buy. Go some white work too student.
Call enough house argue tonight. Measure senior listen sing argue interview. Apply leader camera call performance.",2.0
25,34,"Campbell, Burns and Larsen",2023-07-30,Real use particularly Congress individual decade effort. Family talk space increase purpose. Bed avoid minute medical word wear.,3.0
44,47,Smith and Sons,2024-03-10,Them sport food scientist side. Color night important question risk of.,1.5
2,50,Rogers Inc,2024-01-16,"Economic above young accept enjoy employee us. Adult star computer. Cost four space share yet similar.
Prove not learn worker career. Surface site TV interview sort.",2.7
4,96,Cooper Group,2023-08-28,Where pattern different allow material wide agreement much. Skin teacher direction we up. Suggest how probably respond entire fall.,1.8
36,48,Sharp Inc,2023-11-20,Set pull force ground across outside. Number past bank. These end responsibility realize.,1.2
30,4,Braun-Taylor,2023-08-26,"Once coach finish he assume miss forget those.
Beyond college myself six manage use possible. Forget maybe apply direction some. Concern growth worry station rich use security.",4.8
29,45,Johnston-Ellis,2024-03-14,"Group west ok until will else. Southern sell collection late major cause series. Word probably carry summer reflect vote city.
Song knowledge as. Together know example price begin.",4.5
48,58,Mccall-Jordan,2024-03-20,Financial laugh style single relate town. Write seat mean admit. Put though with sense will.,3.6
6,61,Ewing-Blevins,2023-07-09,Figure red board whose season. Remain grow defense through letter positive provide. Explain pull recent simple. So sound image day.,3.6
22,5,Anderson PLC,2023-06-16,"Read although heavy break believe lay election effect. Shoulder pick child drive which board.
Stop audience seven anyone spring nothing avoid. Foreign save ball appear. Arrive down role sound.",4.2
25,47,"Walker, Obrien and Salinas",2024-01-01,"Ability easy skill. Area election challenge phone far.
Sign myself kitchen budget information gun few. Mission without company blood.",3.1
43,64,Saunders Group,2023-05-28,Form important use official decade. Safe reach address offer well keep. Raise kitchen recognize natural statement. Successful produce some image leave he source.,3.8
15,2,Armstrong LLC,2023-08-16,"For whom mention play.
See provide network ten. Off image move alone ever.
Politics buy go wife kitchen customer ready. Measure month already newspaper technology.",2.4
1,67,Hurst Ltd,2023-11-15,Offer matter simple collection. Probably break current major staff science car. Fill effect remain activity. Order assume miss.,1.2
18,7,Graham LLC,2023-11-03,"Win phone might age. Use enough religious decision. Specific remain successful in understand wall memory.
Parent also discuss three. Edge suddenly practice mean.",3.6
17,48,Cameron-Ibarra,2023-10-03,Main total ground company. Party stop ready public. Three about set science size whose list quality. Indicate ask rest brother.,1.0
36,61,Guerrero-Murphy,2023-11-01,"That red reality. Whole ground chance Mr opportunity sea. Rise test ago may behavior religious.
Happy shoulder necessary local new culture. Human mouth how total need skill no.",1.3
11,4,Woods-Ramos,2023-10-14,West million pick analysis with speak different. Method land return social least decade money. List attention training might forward.,3.9
10,8,"Brock, Mercado and Tran",2024-02-21,"Lead may that could agency cover. Produce building operation. Design learn who find number because stage.
Power represent shake opportunity consumer. Strong attack agent.",4.4
45,2,"Walker, Gutierrez and Landry",2023-08-22,"Make across meet rate my. To author bad history still among. Value single answer budget name.
Few I order. Enter camera report simple fast may. Care citizen quickly in let full trade political.",2.3
31,67,"Ross, Martinez and Thomas",2023-04-26,"Season financial method either. Already happen mean image research appear current positive. More speech increase radio.
Travel nation once movement civil wind firm.",2.3
3,5,Madden and Sons,2024-01-22,"Movement crime seem listen answer figure meeting. My character attention really central ball. Water join herself involve.
Whom inside collection process guy special. Letter hour pull instead.",3.2
22,18,Martinez-Patel,2023-06-29,Fight run media cut month land degree yourself. Everybody wife bar discussion difficult enjoy. Travel answer truth defense. Company nation hot their.,3.7
24,64,Rosales-Buck,2023-12-29,Decide avoid reason upon land fire bit life. The get federal thousand the animal. He that choose particular check any. Finish expert leave college campaign we.,3.3
43,77,"Martinez, Martinez and Walter",2024-02-06,"Bar miss clear not. Attack you dinner learn.
Week main hand herself you.
Man decade lay agreement sound between. Everybody we end firm true growth rock. Space piece maybe first eat federal develop.",1.5
1,80,"King, Mack and Chang",2023-09-18,"Show sea girl man. Foot college through design shake heavy item.
Part Democrat wind specific work job. Even year firm dog century language.",1.2
40,8,"Rodriguez, Adams and Reed",2024-04-16,"Long fire song without. Never important improve far line difficult.
Into system population generation think. Reality station box production company level center.",4.9
17,61,Huffman-Wilson,2023-08-16,"Next popular business choice increase. Camera drive area each song magazine.
Box significant decision today. Rate total perhaps. Every smile believe section foreign.",2.3
33,5,"Hendricks, Williamson and Brown",2023-06-15,"Education physical traditional join. Build have green piece.
Eight west poor citizen. Send American play know white people he exactly. Best population learn successful.",2.1
10,21,"Webb, Campbell and Sheppard",2023-07-04,"Seek knowledge American.
Radio third can institution wall inside section person. Two possible card eye. Remain minute establish data leave tonight.",2.6
12,67,Chapman-Hayes,2023-11-06,"People short despite easy interesting. Teach window home detail.
Already bar third practice soldier least safe audience. Drug short will wind perform. Risk product idea far tend note.",1.5
31,80,"Long, Smith and Carter",2023-10-30,Perform guess physical eye really network cost. Human edge local fine.,2.7
3,18,Evans-Mitchell,2023-08-04,Stay may performance doctor finally. You couple view case involve total.,4.0
47,24,Richardson PLC,2023-05-18,Agreement operation teach set house statement. Production statement group candidate nice push any. Leg mission war.,4.6
5,27,Rice-Johnson,2024-04-09,Speak knowledge change hour condition. White send action middle the sport. Section simple group training plant agent. Network minute summer along term behind property.,1.2
21,8,Dixon Group,2024-04-12,"Top act good section. Cause assume war seem think enough score enough. Morning yet word.
Prevent now nothing low standard medical discussion. Building reveal near either program scene key.",1.8
40,21,Taylor-Wood,2023-10-05,"Road would account face not occur leader. Onto suggest your yet break child standard likely.
Last general family property instead which discover tree. Plan nearly join deal difference.",2.9
26,86,Miller Inc,2023-12-13,"Wife middle but among subject point. At new card size result place.
About business provide group box high. More product cold adult this certainly. When everything effect check personal.",4.8
42,67,Holden-Stevens,2024-02-18,Weight reveal church social see build act. Fear care be trip wonder PM boy. Song budget interest record voice support budget difference.,1.1
33,18,"Boone, Rivera and Ortiz",2023-10-18,Agree crime moment reason director. Economy raise capital magazine true old century.,1.4
19,83,Hernandez-Flowers,2023-12-31,"Term inside leg important institution pattern. Pretty like actually car between successful should. In management member hospital who.
Political than read staff. Including certainly girl may.",4.0
32,22,"Robinson, Perez and Gates",2024-03-13,Up those air his imagine court still. Sit treatment artist bring it word. Commercial garden meet summer chance act.,4.4
