"u_userkey","u_email","u_firstname","u_lastname","u_password","u_balance","u_companyname","u_streetaddress","u_city","u_stateregion","u_zipcode","u_country","u_phonenumber","u_imageurl"
"1","achang@example.org","Jonathan","Dixon","pbkdf2:sha256:600000$AxQHPe6iUGmeC3Qc$4ecb2294b8d2cfe7bf438a2b0dab7f3875f6f165f9cbbafa81a4c0599113e1d2","121.45","","156 Carr Ford Suite 784","Port Samanthatown","Colorado","94834","Tajikistan","6097535139","img/user_profile_default.jpg"
"2","johnponce@example.net","Seth","Miller","pbkdf2:sha256:600000$gHo2OSwuv9lG0Ixx$a853da81a47b000a2b5cf0c7dfbeb4b50779b4e2d4647a2b8ca5094d498f0e2a","4599.0","","1122 Megan Squares Suite 848","Port Jason","Utah","77807","Sweden","6947751591","img/user_profile_default.jpg"
"3","vmatthews@example.org","John","Dennis","pbkdf2:sha256:600000$c28p3nFz3iZdGDt6$d79a8c5ad5e2098c7d2aa75ef8b99e6f001ad845c83a1da845081dc4b830b444","4664.32","","1090 Susan Ferry","South Jasonton","Utah","03487","Mayotte","6914131456","img/user_profile_default.jpg"
"4","brucemcdonald@example.net","Craig","Mcneil","pbkdf2:sha256:600000$WlzjEbDFcLib8fnh$e0f864ca0f77353e1641eab5e11a6f6967d4aa5a267ebae76c596d3a5b6ad303","1332.57","","845 Monroe Glen Apt. 807","West Joanneside","Louisiana","18174","Dominican Republic","7594599246","img/user_profile_default.jpg"
"5","fpoole@example.org","Brooke","Hale","pbkdf2:sha256:600000$QN0Ad0evcHj0vNUN$358f545a4f5cff3a933dc803bc48167090e1375da969226f95168ce45ce2c961","4760.59","Simpson LLC","63812 Richard Springs Suite 503","Lake Karenhaven","South Carolina","13317","Comoros","1934421761","img/user_profile_default.jpg"
"6","hillshawn@example.org","Michelle","Anderson","pbkdf2:sha256:600000$nDjoDqZmBY6ifGdv$21107d25a79e7bdf293785e04e6666f1de07690d5e1e6c3323430aa00482b229","7749.58","","236 Smith Drive Suite 555","West Kimberlyton","Arizona","35840","Central African Republic","2945682417","img/user_profile_default.jpg"
"7","sarahparker@example.net","Jessica","Turner","pbkdf2:sha256:600000$zkwBxVxSiP0C85uN$4b659d8e9e3210881d0c55cd348b683ab317111ccc04cef077d65f6bce0c181b","7567.63","","13306 Corey Point","Shanefort","Pennsylvania","94139","Philippines","3615349263","img/user_profile_default.jpg"
"8","danny08@example.com","Karen","Harris","pbkdf2:sha256:600000$N71k6LZAtxJHpMLj$482db21f2e08ed63c4b9f25ff294ee1b25269cc20372f2cb1b71ba2aef9ed1c2","9945.13","Stark, Morris and Jimenez","389 Alec Squares Suite 508","Port Jonathan","Georgia","50177","Myanmar","4711801320","img/user_profile_default.jpg"
"9","alexis75@example.org","Lauren","Melton","pbkdf2:sha256:600000$wPnhRbp6NgDe2B7s$e4219af233e9d60249c56795f1a3fe7a10efbc202c01bf61bebf39b7ec117a90","2682.78","Sandoval Inc","8945 Trevor Greens","Kendrafurt","Missouri","08661","Central African Republic","2345007627","img/user_profile_default.jpg"
"10","nunezedward@example.com","Robert","Carr","pbkdf2:sha256:600000$iFYrLyMWSKxmgbzp$f7f3ed4ba0a72471be089d279cb688401fb6c460f02b6c6f48435807ba535548","8864.78","Santos-Montes","64183 Kimberly Mills Suite 375","North Rachelton","New York","33974","United Arab Emirates","0899331886","img/user_profile_default.jpg"
"11","sonia26@example.net","Robert","Miller","pbkdf2:sha256:600000$JtCcNx5kqSu8k4RB$baca16ee6b997eb8dc011d05deea1d9436ce5338ec0e4cdddf7e39639841c7e3","5903.12","Greer and Sons","92303 Julie Hill Suite 093","East Shawn","New Mexico","45648","Russian Federation","4203557448","img/user_profile_default.jpg"
"12","jack11@example.net","Beverly","Moore","pbkdf2:sha256:600000$1JUkZDm1t7OYPU86$33eaa9c7301157098144e618271b307255d4c7fea872165a30d5e35715c9c7d1","9913.41","Walsh-Miller","580 Ortiz Mall Suite 735","Stephanieland","Idaho","14737","Falkland Islands (Malvinas)","1892762662","img/user_profile_default.jpg"
"13","susanpeterson@example.net","Douglas","Ford","pbkdf2:sha256:600000$Z1bklFhtWZ7I7xKS$d969f072097628e4a389267bd99381f1a562bfaaa436399d1ef3e045120588ae","4086.41","","0140 Jonathan Pine Suite 714","Justinborough","Rhode Island","11676","Argentina","1448518321","img/user_profile_default.jpg"
"14","scallahan@example.net","Dennis","Mills","pbkdf2:sha256:600000$0tVmN2jI8YAA96xF$0c4f5c3361ec89fdc70fb248819f7e9eadf1861fb374eb865bcdb824b07707fa","8705.72","Kennedy, Perry and Woods","0742 Williams Road Apt. 057","Onealtown","North Dakota","09211","Poland","1605019044","img/user_profile_default.jpg"
"15","donaldberry@example.org","Daniel","Murray","pbkdf2:sha256:600000$YKCjJgXUcxpcKizE$c431bb33f6fe0ef60377e7d8099e61bea522e14b42be9093058d29f5f192d05b","3929.2","","060 Cynthia Ways","West Brian","South Dakota","89301","China","3949184567","img/user_profile_default.jpg"
"16","welchzachary@example.net","Stephanie","Spears","pbkdf2:sha256:600000$4jdpm2XbDhF07wV9$361234e7b8b359d99e699422b3de8433f2e18a914bb961bd42939c0b0f4e0ed6","8448.33","","155 Barry Glens","New Bradleystad","Colorado","27972","Trinidad and Tobago","8533444864","img/user_profile_default.jpg"
"17","tcooper@example.org","Bradley","Villa","pbkdf2:sha256:600000$ffhssb2TqsShWNqy$5616b3ea5dd7a541a98d323bc5d6aa2cd6a4974e8bc01b3dd015cb797203081c","6891.67","Wright and Sons","5561 Bishop Turnpike","Lake Kenneth","New Hampshire","67876","Netherlands","7844301912","img/user_profile_default.jpg"
"18","swright@example.net","Wendy","Smith","pbkdf2:sha256:600000$f0X04GgfzrNp8VgZ$e4f50f7dc6dfcdf84e4680420032710f647306bde4e12922e2b6bb33da592c8f","2271.23","","220 Richardson Roads Apt. 262","New Vickie","Florida","27567","Slovenia","7933236599","img/user_profile_default.jpg"
"19","cristinalester@example.org","Christina","Johnson","pbkdf2:sha256:600000$ZDjUBCb5fbENOW9c$8da705d82d4495b24a876a6edebdb3f279e03af882862d3a907060db878e85ab","5258.14","","05357 Jordan Skyway","West Andre","Oregon","71216","Azerbaijan","2507003003","img/user_profile_default.jpg"
"20","carl05@example.net","Roberto","Stafford","pbkdf2:sha256:600000$IY9qESIEZBcriT3s$71a7962e118ea08e88c6f560e14418e5143ddf213c406c84c94fd9da31f23af3","2670.53","","08298 Christopher Freeway Apt. 302","Lake Christian","Rhode Island","14087","Niger","7299045600","img/user_profile_default.jpg"
"21","sdavis@example.net","Edward","Young","pbkdf2:sha256:600000$BR41FpbfuJfmP35n$97f3cb66ef8e3e5b01914ff46a25f9053482cbe90276d42ee4babeb1767a69fb","748.65","Reed-Williams","049 Cooley Track Apt. 885","Goodview","Indiana","15704","Mongolia","5398522509","img/user_profile_default.jpg"
"22","cunninghamstephanie@example.com","Kelly","Carter","pbkdf2:sha256:600000$ma45jqH4n0wzzJdI$fbe1eb423c00d0b967bb25069ed37ff241ad6cec6f3934020dc1f72518745c3e","6896.12","Dodson-Thompson","29188 Fischer Grove","Justinchester","Wyoming","94599","Fiji","4888553620","img/user_profile_default.jpg"
"23","kristenmiles@example.net","Patrick","Marshall","pbkdf2:sha256:600000$ee7dIveY9G0RcryG$0a71f4e04ed5edd820fedbea14eccf60c06c0bf1ca8ad3b233486af982c30a35","9940.34","Berry and Sons","132 Mclean Meadow Suite 446","Chelsealand","Maryland","04450","Lithuania","0436666097","img/user_profile_default.jpg"
"24","maria29@example.net","Joshua","Short","pbkdf2:sha256:600000$sWeTjeA5mKR1dB9h$646e89d16fb3e1e0f64d8047a4ac4b6dda1ebb6589dc65c1891b6c02928f39e0","5306.81","Thomas, Hernandez and Delacruz","22708 Madison Spurs","Herringstad","Pennsylvania","11353","Belgium","8243454487","img/user_profile_default.jpg"
"25","katherinecole@example.org","Benjamin","Richards","pbkdf2:sha256:600000$EO4Y2hUq5ymgaeIm$9dc92a1e4cd7a6af56f4adff78a29b211fb29a9b9a7e0855f3c74da59917899d","9399.73","Garcia PLC","756 Archer Wall Apt. 250","Lake David","Michigan","80124","Congo","0604609251","img/user_profile_default.jpg"
"26","wbrown@example.net","Rachel","Avila","pbkdf2:sha256:600000$2lc5NNliPcmGtWVU$b1cd56fc11d93cb69511811b4630876cdd36c2d81d9f3d5623370385253bb7bd","3845.72","Crawford, Miller and Williams","0811 Howard Courts Suite 028","Susantown","Missouri","44762","Cayman Islands","8222239507","img/user_profile_default.jpg"
"27","pwilliams@example.net","Juan","Jackson","pbkdf2:sha256:600000$5qnvEv9cKQr5LNWp$ec500d725999f5e11fb3907da1d011095022c6bcd3c4a45842d78a51b46528c7","2349.56","","60669 Dawson Dam","Williamside","Montana","10075","Bulgaria","6951663763","img/user_profile_default.jpg"
"28","eallen@example.com","Samantha","Jones","pbkdf2:sha256:600000$Q6Am1IjaZRoXdxdJ$bb11fb037ed630c92cdd876c1486ec351c86542f03ed0c63d582e7fe80493b50","720.27","Murray, Murray and Jackson","2948 Sarah Key Apt. 578","East Natalieview","Idaho","95325","Myanmar","5460486064","img/user_profile_default.jpg"
"29","wluna@example.org","David","Austin","pbkdf2:sha256:600000$wnrHSXrfOwLGn1nE$311734dcf717bbdedf6c2bf429d5e7d4d6623742ee73c48d3676faf3da3fdb82","3677.21","","164 Matthew Parkway Suite 826","Jimmyfurt","Minnesota","51653","Yemen","7846612209","img/user_profile_default.jpg"
"30","terrydeborah@example.org","Caitlin","Morrison","pbkdf2:sha256:600000$Lhmjycu2p3r3Scfn$dccde52633dc52567e112765b19955a054802637fccf4f7b6b2cd6a66578921e","9718.36","Mccall, Jackson and Carey","693 Erickson Lodge","Andrewberg","Missouri","22958","Turks and Caicos Islands","7906196538","img/user_profile_default.jpg"
"31","nwilliams@example.org","Joseph","Romero","pbkdf2:sha256:600000$40q904XSvg5gbzfE$6274b4a681f3de1daa1df9c8fc669a42bcf93e415bdf5c2eb409d96079821dc5","5118.01","Cain-Taylor","298 Adrian Wall","Grantfort","Virginia","90995","Botswana","7855103374","img/user_profile_default.jpg"
"32","jeffrey75@example.net","Sara","Davis","pbkdf2:sha256:600000$mkbmMiXQBwz5KraK$ecead0cfc54627df03060695b79fba54f87a52171dad74320e0a4c835b9482b6","6373.18","Perez-Fletcher","4564 Timothy Highway Apt. 725","Lake Jacob","Michigan","65945","Denmark","1667879936","img/user_profile_default.jpg"
"33","tommy58@example.net","Aaron","Ruiz","pbkdf2:sha256:600000$3QQcSifLIq5OXfpM$50ac25f88304891035c5b2edb8b745d87f4ed9399d8ae8fd84dc62c4ac0b9972","8397.27","","08961 Sara Forks Suite 670","Clarkton","South Carolina","35801","Antarctica (the territory South of 60 deg S)","9555729814","img/user_profile_default.jpg"
"34","espinozajoshua@example.net","Donald","Barton","pbkdf2:sha256:600000$xMDE1M3o66G3HZCw$1893cc75561a906b822a7af3ffc292b43356209a4e9a7bce3ebc66df0f223754","5094.06","","73576 Sergio Avenue Suite 736","West Thomas","Georgia","30419","Kazakhstan","4579281348","img/user_profile_default.jpg"
"35","shaheric@example.org","Matthew","Howell","pbkdf2:sha256:600000$Qu3NSSSHdldoeuGd$dae4c9c7ac88a04809bb998e18848386bee5017987782788f93abdd742de8239","5921.73","Schultz PLC","939 Johnson Oval Suite 830","North Dennismouth","Utah","80451","Czech Republic","1864573258","img/user_profile_default.jpg"
"36","jennifer67@example.net","Lonnie","Braun","pbkdf2:sha256:600000$0qNPBjFjVcmcPdbb$b16561b6b00ac018c34b71eac09f59257b1eca3e108839e235702673651f2201","4247.85","Yu Ltd","746 Christian Street","Goodwinborough","Nebraska","81374","Saudi Arabia","5410390985","img/user_profile_default.jpg"
"37","stevenrodriguez@example.com","Joshua","Roberson","pbkdf2:sha256:600000$d4OPsQ8nCtPRrRbz$5fd5f2876ffea2a6f7b79ec03820788211d717d75ba447f14b2dfefbaafa6880","1372.7","","01630 Baker Crescent","Kellyborough","West Virginia","71505","Mauritius","0588027045","img/user_profile_default.jpg"
"38","mauricecarney@example.net","Anna","Moses","pbkdf2:sha256:600000$R9a3MMN60FVoyyef$4c32d41c9e57a2fe9645d52f5058e1f39a0e6aadc427cded30e65f32cba58dca","2575.07","","2458 Jason Village Suite 248","North Donnamouth","Maryland","93087","Slovenia","5019041243","img/user_profile_default.jpg"
"39","michelle16@example.net","Amanda","Ortiz","pbkdf2:sha256:600000$wbGUPCpal7kf6lfc$a913954801513d8a42aa85b653090c95df3514c19f9f9ff695a64b256d03df38","7869.04","Black, Green and Brown","4934 Lozano Place Suite 716","Gavinton","Iowa","93065","Sri Lanka","7603141227","img/user_profile_default.jpg"
"40","barrymichael@example.com","David","Wright","pbkdf2:sha256:600000$umdLg1sDDAX6Kzhq$9ebc8d75ee42a15581714b574187603f3c13a78a17190b6abdd3adc82b1a001f","2181.71","","238 Nicole Prairie Apt. 384","Lake Stevenborough","Arkansas","54508","Chad","6863688712","img/user_profile_default.jpg"
"41","patelrachel@example.org","Alex","Burgess","pbkdf2:sha256:600000$YlxGabCbIRJIuxeb$d1d4679c6e234c8d5545acc285b560435506f5b50de1f98c6bc1c9265fff6c27","1935.46","Mckinney-Prince","840 Michael Knolls","Mariaport","North Carolina","84604","Portugal","4207396574","img/user_profile_default.jpg"
"42","staylor@example.net","Robin","Bailey","pbkdf2:sha256:600000$iVXF9uxsR7nOXQAi$3f721ce9c3b9e4c482c46c1028fad628609d8d9fba3547962a5f186be8fc9d4e","3121.43","Hamilton-Bryant","347 Andrew Ranch","Port Jonathantown","Indiana","24749","Niger","2594000924","img/user_profile_default.jpg"
"43","phillipporter@example.com","Michele","Miller","pbkdf2:sha256:600000$6qEZ2h7MXeL1fKd3$707cd567fd0a518cf5f3a93a913e9aff789fe45801915bea00ba538906ccad0c","2744.99","","9028 Robert Isle","Lake Bryan","Florida","41935","Palestinian Territory","4779541721","img/user_profile_default.jpg"
"44","angelica69@example.com","Robert","Moore","pbkdf2:sha256:600000$Ivt8DYzL3sRL8WMB$a0460f8994e5be88b440a805091fb2eb17fe7b8761c5e02ccf29d501ed59f4ca","6783.07","","90216 Bowers Orchard","West Crystalberg","Colorado","92631","India","9303600962","img/user_profile_default.jpg"
"45","richard80@example.net","Mary","Johns","pbkdf2:sha256:600000$rcYLDRvn9b7YYup9$ea8137a90b61a115b9553abf868136bb17814705777f48a62bf737577fde6e4a","3428.46","","215 Joy Islands","West Beth","California","11791","Holy See (Vatican City State)","3475778811","img/user_profile_default.jpg"
"46","samuel68@example.com","Andrea","Stone","pbkdf2:sha256:600000$YAs6K4VJHcnmWtuc$d4e8a5acf36b90733dfd4f7f201102c9c409324b83e2f383acde2403007f1fe8","2838.03","Manning-Conway","538 Jessica Tunnel Suite 580","New Chase","Delaware","48734","Jordan","9380881095","img/user_profile_default.jpg"
"47","dunlaphector@example.com","Todd","Avila","pbkdf2:sha256:600000$xuufOfdChB66X7kp$7a99fdafa2faac4d1a7e049c15ab6a1ef5b21ac4f836cf994987d53b8f8afbef","7085.18","Johns, Webb and Mcintyre","929 Stewart Islands Suite 928","Myersstad","Missouri","39195","Dominican Republic","3438957395","img/user_profile_default.jpg"
"48","marcthomas@example.com","Andrea","Herrera","pbkdf2:sha256:600000$KWHXhBj3FBqecHUq$77c4d16d031ef0375d57914c568303cd0a65d7877545bedfc8ec90823145ec24","5775.61","Bradford Group","8476 Allison Summit","Brownville","Arkansas","44363","Cayman Islands","4987486753","img/user_profile_default.jpg"
"49","barberwendy@example.net","Christopher","Fritz","pbkdf2:sha256:600000$yTydtit52RqzMwye$7d2e78e6478cce52020a136f8fb9758bb1d687898acb5f45fa7fd0a6b37d8577","488.52","Moore-White","23474 Jessica Groves","North Derek","Texas","53841","Zambia","2390587241","img/user_profile_default.jpg"
"50","latoya30@example.org","Madison","Yang","pbkdf2:sha256:600000$nuCCgAVEsTi6DvNy$73247de3e9f408b0c49a0cd3f784a435e15ea23a51267c4449b29133afb21098","2090.01","Ryan-Costa","8612 Wilson Ramp","New Melissamouth","Georgia","55886","Eritrea","8321475680","img/user_profile_default.jpg"
"51","marissa66@example.net","David","Mckinney","pbkdf2:sha256:600000$TjuedQVKv2qoTisa$969b82869e26b369761421d787970188a08f2412fc6476812f0992f52c4c926b","3725.04","","1838 Jeffery Course Apt. 182","New Barbara","South Dakota","81899","Jersey","9647905530","img/user_profile_default.jpg"
"52","scottholmes@example.org","Margaret","Thomas","pbkdf2:sha256:600000$dZGdAYLyO13zfqHC$39beabb4bdac4732c3ff996524522fb2d14d4322af36d9078bc89f0335d2cf89","9429.46","Vincent Group","85218 Flores Stream Apt. 533","Adriennechester","Tennessee","95614","Saint Pierre and Miquelon","6602714283","img/user_profile_default.jpg"
"53","lbell@example.org","Nancy","Jordan","pbkdf2:sha256:600000$agY5rVDLFoviyt2N$0d1f37b3a9f0586981be619497fba91bcb316387bef9b5b71da4589c20c2cd2c","8962.84","","4948 Martin Road","Lake Lynnhaven","Hawaii","65600","Pakistan","3032922992","img/user_profile_default.jpg"
"54","garciacody@example.net","Taylor","Deleon","pbkdf2:sha256:600000$DAALlJKJ2p5lKBkv$50cbeb577614de744f6b114b01907de813f07c7bdbfdec6d4dd7767ca5a8e0fa","7418.95","","6988 Jennifer Stravenue","Bradshawport","Connecticut","58848","Pakistan","4344152706","img/user_profile_default.jpg"
"55","xwilliams@example.com","William","Ingram","pbkdf2:sha256:600000$HdWEjAKIlL2DxtO9$113774a3dabcd0c0792c9118eb7ff41e3438def356b6203f3b5d0a0ed796067e","2830.02","Green-Mann","064 Howell Fields","Robertberg","Tennessee","16744","Egypt","5772566659","img/user_profile_default.jpg"
"56","downsangela@example.com","David","Smith","pbkdf2:sha256:600000$PGCtrrJDcwSu3Xqq$68f64c05bb66f21004dcae4d8290c5446db3c40bf7baa5eb80be75532b2be1d9","6242.19","","9748 Sharon Locks","North Adammouth","Washington","27727","Georgia","8184118940","img/user_profile_default.jpg"
"57","samantharodriguez@example.org","Sean","Martin","pbkdf2:sha256:600000$OL0I7v5zmakCnlG5$6e442ae3dcc514049fe8906eece7d08ba04dd799d97db830c19fe707b108b1cd","9959.94","Chapman PLC","5857 Gilmore Stravenue","Melvinburgh","Idaho","29630","United Arab Emirates","7505794301","img/user_profile_default.jpg"
"58","ldaniel@example.org","Lisa","Bean","pbkdf2:sha256:600000$Fvypmp00VCUWBf0W$1cb69c8776bb92a51b34707b5ad4e6eef42505aa450187ae02d82351fedfde60","6458.04","","60875 James Hill","Colehaven","Vermont","37666","Bahrain","0156663476","img/user_profile_default.jpg"
"59","burtoncynthia@example.net","Todd","Ross","pbkdf2:sha256:600000$3MkQEntafVID0rdZ$98fcf935d59ff543d336c68b4f4c9e76d375772d3ff17990c4b97de0611c5a2f","2854.7","","0952 Lydia Parks","Port Coryton","Iowa","85564","Christmas Island","0866246748","img/user_profile_default.jpg"
"60","mooreeric@example.org","Donna","Wells","pbkdf2:sha256:600000$9BgPWfCJrv1xmtVu$af7a2e754a744a1ba91985187835b24f57d25f594653582cb2baeb51a03d8277","7261.41","","50440 Antonio Cape","Port Brittney","Hawaii","62069","Pakistan","1920821119","img/user_profile_default.jpg"
"61","harriscraig@example.com","Ryan","Wilson","pbkdf2:sha256:600000$KH6YLVUxppGWJ6UR$5e90c450bcc2edbaea375621676c38e76db774503933ed45d11a6f45c9ee2a7b","2677.25","Payne, Stout and Allen","96545 Smith Alley","West Joy","Vermont","27959","Palau","2217724420","img/user_profile_default.jpg"
"62","samanthabell@example.net","Marcus","Galloway","pbkdf2:sha256:600000$XFw2NDUafXi779wQ$d6f543f15072006323873890e817390e86127359220013a67eba44ea1d3eab93","824.31","Johnson-Todd","40415 Smith Springs Suite 324","Sarahaven","South Dakota","15365","Chile","7399916404","img/user_profile_default.jpg"
"63","johnsoncatherine@example.com","George","Sullivan","pbkdf2:sha256:600000$LHl7HidM2W9M3V8r$6352c556a9a8a8f97b92fb78d0debb5143867201e134a04ef664e01eae4f0c0a","6422.17","","039 Gutierrez Lock Apt. 266","Wilcoxborough","Kentucky","08780","Reunion","2904212426","img/user_profile_default.jpg"
"64","aimee65@example.net","Jessica","Henry","pbkdf2:sha256:600000$4mmFPN4WR4BW2Zr3$22bce9af05a8e1ecdb18dc3056302c5a8495c644044327cc1394e9caa9dd45d0","5498.23","","007 Vaughan Keys Suite 878","Laneshire","Wisconsin","03776","New Caledonia","5346131297","img/user_profile_default.jpg"
"65","tonyacrawford@example.com","Michelle","Hendrix","pbkdf2:sha256:600000$qQDzwOaFu9wd4SAo$8a7a6b417bc5ced03e9ac53ed9812289d906e900806d2caa5a3c66860841d401","1878.4","Johnson Group","802 Hart Port","Christopherstad","Florida","61831","United States Minor Outlying Islands","5051191449","img/user_profile_default.jpg"
"66","henry07@example.com","Richard","Lewis","pbkdf2:sha256:600000$TDYxUgDcE3MvcqBI$ad72142d438c847a27f2b94a8e6ceaa2722f5ccc61a6d6bf12ea3e5ec7e62a21","9860.66","Bush and Sons","18997 Thompson Shore Suite 245","North Nicholasmouth","Maryland","44184","Togo","0342282731","img/user_profile_default.jpg"
"67","peggy10@example.com","Julie","Myers","pbkdf2:sha256:600000$zjqRhmiD0Mq4fw0V$2d16603b3991b058b4b0ca57006dfa7a727419d15d2f54f2a8cf95ead9ccf8ab","2759.39","","2642 Mallory Corner Apt. 857","West Zacharyport","New Jersey","07875","Burundi","5273312761","img/user_profile_default.jpg"
"68","karen15@example.org","James","Jensen","pbkdf2:sha256:600000$t0Re2xMcer3eFO10$ec030b0035405d1250e317225b8bd12ae53093305e1f1efe101e56454b6adb5d","7988.17","Williams PLC","5953 Braun Drive Apt. 720","New Melissaberg","Wisconsin","14838","Azerbaijan","5431032568","img/user_profile_default.jpg"
"69","paula36@example.net","Bernard","Doyle","pbkdf2:sha256:600000$kPnavK0GU8exdYpo$bbf15311f4a18a3983dfe88a7f3c18b009bc8d99ba34ac37063a1fb14252c44f","7778.62","","8565 Braun Throughway Suite 037","Richardberg","Idaho","63064","Comoros","2931488292","img/user_profile_default.jpg"
"70","pmartinez@example.com","Tanya","Wilson","pbkdf2:sha256:600000$huBmmGZuq7z3tKb5$969e28f9f6f081f5da96fe5435dfc52de9e296260375c7ef7148ebceda0ef94d","7680.22","","26132 Sandy Grove Suite 527","Amyland","Montana","02010","Bahamas","3563569151","img/user_profile_default.jpg"
"71","tfranklin@example.org","Patrick","Klein","pbkdf2:sha256:600000$K0XXJzCYP1zmRWPL$2e04362028bfc48e888dd79e11645f6f4277dc40d104b67bc21afe15b1970176","9734.54","Trevino-Lamb","24549 Tracy Mills Apt. 952","Aguirreport","Idaho","76211","Sri Lanka","2168782652","img/user_profile_default.jpg"
"72","tonya21@example.org","John","Harris","pbkdf2:sha256:600000$deZXLQl7WGwlrB42$be37f1d728f805fdd51a0ab26df7ecaf923cabfcbb1aa0e68c1e08bba72fe8a3","1617.5","Blair, Ritter and Marsh","95422 Gonzalez Crest Suite 624","Jenniferburgh","Montana","04130","Papua New Guinea","1266119381","img/user_profile_default.jpg"
"73","mariochavez@example.net","Jennifer","Bauer","pbkdf2:sha256:600000$bdIYN3Csr4qP2lxK$36e348a1fa2a27dc9ebcdb6c21d64b731297b5f43a404cb7092e031b6fbc211f","1614.15","Watson PLC","548 Beverly Bridge","Gomezmouth","Louisiana","45848","Swaziland","1492500960","img/user_profile_default.jpg"
"74","bhall@example.net","Steven","Hess","pbkdf2:sha256:600000$jxoZZ4ASd8WShURY$08fe30dbcc1256d4ce72156a4f0841af279f05ed597ee4ba08f988c3c7c7cda2","9843.63","","683 Carlson Springs Apt. 678","Port Mariamouth","New Jersey","95913","Colombia","9330314554","img/user_profile_default.jpg"
"75","henryle@example.com","Brian","Reyes","pbkdf2:sha256:600000$8tTs90i7wjDfb7va$06052e4f90613e7b2971fa7b9a9545e1c82a9f7bd1e2e37bc73e385b4a7c26ff","6697.04","Daniel, Fernandez and Hernandez","0512 Amy Glens","Port Kristinaberg","Arizona","68013","Cuba","7946039435","img/user_profile_default.jpg"
"76","bensonjoseph@example.com","Mariah","Brown","pbkdf2:sha256:600000$uqFWi9A8JB3vFjvo$d3793824b4cd8ec0d84b5ec2cd329736d3d7f3fe83705ecf925d65b2bddb8516","3067.17","Rodriguez, Ballard and Harris","118 Craig Knoll Apt. 214","Gordonport","Kansas","71147","Mozambique","3173564512","img/user_profile_default.jpg"
"77","wmontoya@example.net","David","Peck","pbkdf2:sha256:600000$OO5DNXLMjn1uZtei$e0005492283ff19e78ea5ce4b89aa66fdeb9d88e2228a7a0534fe85a6dcac487","7248.62","","066 Perez Trail","East Denise","Connecticut","15792","Mauritania","9245783629","img/user_profile_default.jpg"
"78","teresawhite@example.net","Michelle","Cook","pbkdf2:sha256:600000$SAXHgyiyIDkOhsCy$99e452c1820d06d4cae812f73c9a8401b6b1174d6130c6bd3b17bbe087c44ec8","254.66","Hunt-Peterson","1720 Scott Station Suite 547","West Jessicabury","Minnesota","96278","Guyana","5630698469","img/user_profile_default.jpg"
"79","gardnernicole@example.com","Andrew","Thomas","pbkdf2:sha256:600000$TIQMvkPYnZcCmv0v$2724ed104db55f6a754231d9c48544622b4cc76694ca16b33a9e8c4214b2183c","7446.75","","20290 Mitchell Center Apt. 374","Arielstad","West Virginia","86307","Mauritania","5798032331","img/user_profile_default.jpg"
"80","danielburke@example.org","Brittany","Barber","pbkdf2:sha256:600000$gZ5eTC3uhs7QnW07$dc9bdbb2213fbe19afbe9d3d0b5d861a4bd2f7628507e56dd4b1b41278df77fd","5546.59","Baker-Bates","9484 Griffin Radial","Marcusland","Virginia","57611","Tonga","5015918390","img/user_profile_default.jpg"
"81","smithkaitlyn@example.org","Zachary","Meadows","pbkdf2:sha256:600000$5v52o4e8L98cdUea$96e63e52ac20020f39ad7e8bf3f96015ee990b07ebe439bfc8f6a3eafcc70537","8905.37","","4549 Jenna Plaza Suite 747","North Sarahburgh","Oklahoma","07345","Singapore","4555065247","img/user_profile_default.jpg"
"82","fernandezkevin@example.com","Katherine","Sims","pbkdf2:sha256:600000$n9Et0wNdHDNqsvQ8$08bc688db2cb5a7a3cfa3272e11978c9e7ac322c149b303e60bf968629cd38a4","7926.16","Johnson-Smith","27168 Joseph Dam Apt. 046","Lauriemouth","New Mexico","77096","Guadeloupe","4530837806","img/user_profile_default.jpg"
"83","brad31@example.net","John","Wilkins","pbkdf2:sha256:600000$vWZgKEyIopyBHE1j$b2b3563815fa2764e2d63ffb2c9ec6025e7097bc52a1f36401398b927c80d7b9","2775.11","Rivera, Elliott and Smith","212 Amy Lodge","Smithport","Minnesota","74360","Serbia","0390555195","img/user_profile_default.jpg"
"84","calvin35@example.net","Johnny","Hernandez","pbkdf2:sha256:600000$3ZrTbIQ5XvooqkHk$d0972f8af0088b0dd75b6094dd50e56dfac8f37462dfd23ae22888ec5cf6b71b","3095.88","","7155 Booth Knoll","South Tammy","Illinois","21172","Myanmar","7969305207","img/user_profile_default.jpg"
"85","knovak@example.org","Maureen","Ferrell","pbkdf2:sha256:600000$z5sJv2XKV0m3r7T1$a1e3b86f01dc11823cfbb550481167e316bc398637fd7b4646ac7271f159452c","6335.77","Moore-Parrish","240 Kramer Island","Linhaven","Wisconsin","29211","Georgia","9072435049","img/user_profile_default.jpg"
"86","ochung@example.org","Jeffrey","Flynn","pbkdf2:sha256:600000$Jp5f0KXucyuvSqTx$550dcc1007c2f651574fd10be292a8b9497b0114595a65d03fd4d07b10807502","2143.74","","966 Collins Divide","Susanview","Montana","93496","Netherlands Antilles","3732770638","img/user_profile_default.jpg"
"87","hannah61@example.com","Joseph","Hernandez","pbkdf2:sha256:600000$A40XZSSIhABYl6mG$4eebcc7e8e3821cc514025077e6d141d78bd02b5ef09f217208b0b87b6d55460","4384.51","","88005 Lawson Underpass Suite 931","Hendersonland","Pennsylvania","33281","Trinidad and Tobago","8520026505","img/user_profile_default.jpg"
"88","zachary96@example.net","Sherry","Reeves","pbkdf2:sha256:600000$bHi9kUPKAYOlmmLS$113e200a88542706011723d3ffa032ce0d16a33418437ec6c435bfcc112af3d3","5704.88","Glass Ltd","66330 Barnes Turnpike","New Cristian","Wisconsin","81238","Guyana","5483793909","img/user_profile_default.jpg"
"89","bakerdanielle@example.org","Cory","Rivera","pbkdf2:sha256:600000$lA84dfPKthMVW8ek$8249fa8bf460830727ee4702333eebca25327c0d778a77e8ffe24b0fe4c531c9","744.57","","41773 Green Neck Apt. 729","Port Ashley","Minnesota","56863","Estonia","6229871395","img/user_profile_default.jpg"
"90","adrian73@example.com","Jeffrey","Riley","pbkdf2:sha256:600000$fXzKHqenYPiS8Z1U$cc8ef101df837c1e8f0e97561a6010579f560a452aad7ad9a63058c172ea5e3f","6935.87","","0051 Natalie Pine","Port Ashleyside","Arizona","28321","Nauru","9641121283","img/user_profile_default.jpg"
"91","timothyjacobs@example.com","Ricardo","Williams","pbkdf2:sha256:600000$iL2WL0gYLpRu76v4$727615ea0ae31da478a6709f05da618941587d2ff410eaf872c16c248014d052","4937.36","","79204 Aguilar Shores Suite 965","Port Caleb","Ohio","66244","Dominica","5438644655","img/user_profile_default.jpg"
"92","meganturner@example.org","Craig","Ortiz","pbkdf2:sha256:600000$xo8bWvRcAYYrl9k8$ba65c4c3a3925cd309f5a47e44f03e6fd218bcf4d4b48b231fdaab8b2a4154a0","4712.98","","09206 Cook Meadow Suite 047","North Austinside","Kansas","22021","United Arab Emirates","5628473142","img/user_profile_default.jpg"
"93","johnsmith@example.net","Anthony","Hill","pbkdf2:sha256:600000$oLcoAEGR5Rpx23Oc$627a65c6fb489c69ab3678f7a6223f3e2dcfcf7d9b3bca253c97afff4987ace1","39.25","","67723 Michelle Path Apt. 838","Morrisbury","West Virginia","78797","Bahamas","5419921707","img/user_profile_default.jpg"
"94","john20@example.net","Alison","Christian","pbkdf2:sha256:600000$7phQCjkMRuys34r8$07e1116c41f40a73238eabab05f0c6da6ef44b8e6279398095e4ea76e90710e1","7056.76","Herrera-Colon","25638 Ramsey Road","Jonathantown","North Dakota","08779","Western Sahara","6196711726","img/user_profile_default.jpg"
"95","rickyhoffman@example.org","Max","Ramirez","pbkdf2:sha256:600000$9D2Lv31E60zbhrr9$cd167bd16e478747ae6d742f6d43c5e9d6f14cb174433dc24c69b6dd1c132545","7845.08","Peters-Baker","462 James Hills Apt. 740","South Samueltown","Vermont","22326","Philippines","1563468592","img/user_profile_default.jpg"
"96","murphyelizabeth@example.com","Nancy","Bennett","pbkdf2:sha256:600000$FNyOR7nHC7A5aaPz$d0d69a0533ee39cf5a9dc2a88f075c7f7892eef3b1da640ea90604a5b04c95af","3864.09","","409 Kenneth Light Apt. 951","Coxshire","Arizona","13756","Guinea-Bissau","7344101963","img/user_profile_default.jpg"
"97","jharris@example.net","Jessica","Stone","pbkdf2:sha256:600000$v1ydJnjgOHNVMtJj$b448a437f56ed66822ea34ac61550630b0651fee31bdb0ec5b901c8cdb66dc07","8265.08","Medina-Richard","071 Carter Mountain Suite 791","Jasonchester","New Jersey","46603","Kenya","2751493928","img/user_profile_default.jpg"
"98","diana20@example.net","Breanna","Saunders","pbkdf2:sha256:600000$M6vxPg2UyyPFZEmZ$06142d4aacba900ae1ca33f28aeefb7f22ac09ee94dfa2e30a2b47212a598364","8756.18","Wilson Inc","9010 Clements Mill","Port Jay","Tennessee","29193","United States of America","8007752109","img/user_profile_default.jpg"
"99","princedana@example.com","Katrina","Baker","pbkdf2:sha256:600000$M9Byi2ECDy1LadeX$fc97fce8e85cd82289b87b93879c1ef8621a4727ef3f9d5fb8706c73a12427b8","3834.27","Gomez Inc","6848 Daniel Locks Apt. 206","New Josephshire","Washington","41836","Dominica","0000351144","img/user_profile_default.jpg"
"100","wbrown@example.org","Rodney","Baker","pbkdf2:sha256:600000$IoSw8rlVgjdfsrr9$56786ae1209add0a509822524b9a55d0538dc98f2405e3b8485f49a866faae79","8906.94","Harris Group","122 Mary Corners Suite 860","Jasonshire","Oregon","26949","Lao People's Democratic Republic","8173595599","img/user_profile_default.jpg"
